Country,LanguageDesireNextYear,LanguageDesireNextYearCount
Afghanistan,Assembly,5.0
Afghanistan,Bash/Shell/PowerShell,4.0
Afghanistan,C,7.0
Afghanistan,C#,10.0
Afghanistan,C++,11.0
Afghanistan,Dart,8.0
Afghanistan,Go,4.0
Afghanistan,HTML/CSS,13.0
Afghanistan,Haskell,2.0
Afghanistan,Java,15.0
Afghanistan,JavaScript,16.0
Afghanistan,Julia,2.0
Afghanistan,Kotlin,6.0
Afghanistan,Objective-C,1.0
Afghanistan,PHP,11.0
Afghanistan,Perl,1.0
Afghanistan,Python,22.0
Afghanistan,R,5.0
Afghanistan,Ruby,4.0
Afghanistan,Rust,3.0
Afghanistan,SQL,10.0
Afghanistan,Scala,1.0
Afghanistan,Swift,8.0
Afghanistan,TypeScript,7.0
Afghanistan,VBA,2.0
Albania,Assembly,3.0
Albania,Bash/Shell/PowerShell,7.0
Albania,C,2.0
Albania,C#,9.0
Albania,C++,4.0
Albania,Dart,6.0
Albania,Go,7.0
Albania,HTML/CSS,15.0
Albania,Haskell,2.0
Albania,Java,13.0
Albania,JavaScript,22.0
Albania,Julia,3.0
Albania,Kotlin,7.0
Albania,Objective-C,1.0
Albania,PHP,9.0
Albania,Perl,1.0
Albania,Python,19.0
Albania,R,1.0
Albania,Ruby,4.0
Albania,Rust,5.0
Albania,SQL,20.0
Albania,Scala,2.0
Albania,Swift,7.0
Albania,TypeScript,14.0
Albania,VBA,2.0
Algeria,Assembly,5.0
Algeria,Bash/Shell/PowerShell,11.0
Algeria,C,12.0
Algeria,C#,16.0
Algeria,C++,13.0
Algeria,Dart,16.0
Algeria,Go,14.0
Algeria,HTML/CSS,37.0
Algeria,Haskell,1.0
Algeria,Java,18.0
Algeria,JavaScript,39.0
Algeria,Julia,3.0
Algeria,Kotlin,11.0
Algeria,Objective-C,1.0
Algeria,PHP,17.0
Algeria,Perl,1.0
Algeria,Python,34.0
Algeria,R,6.0
Algeria,Ruby,5.0
Algeria,Rust,6.0
Algeria,SQL,33.0
Algeria,Scala,3.0
Algeria,Swift,7.0
Algeria,TypeScript,21.0
Algeria,VBA,2.0
Andorra,Bash/Shell/PowerShell,1.0
Andorra,C++,1.0
Andorra,HTML/CSS,1.0
Andorra,JavaScript,3.0
Andorra,Objective-C,1.0
Andorra,Perl,1.0
Andorra,Python,2.0
Andorra,R,1.0
Andorra,SQL,1.0
Andorra,Swift,1.0
Andorra,TypeScript,3.0
Angola,C#,1.0
Angola,Dart,2.0
Angola,Kotlin,1.0
Angola,Python,2.0
Angola,SQL,1.0
Angola,VBA,1.0
Argentina,Assembly,16.0
Argentina,Bash/Shell/PowerShell,57.0
Argentina,C,36.0
Argentina,C#,73.0
Argentina,C++,54.0
Argentina,Dart,35.0
Argentina,Go,88.0
Argentina,HTML/CSS,145.0
Argentina,Haskell,19.0
Argentina,Java,71.0
Argentina,JavaScript,210.0
Argentina,Julia,5.0
Argentina,Kotlin,50.0
Argentina,Objective-C,3.0
Argentina,PHP,41.0
Argentina,Perl,4.0
Argentina,Python,163.0
Argentina,R,18.0
Argentina,Ruby,36.0
Argentina,Rust,58.0
Argentina,SQL,126.0
Argentina,Scala,19.0
Argentina,Swift,18.0
Argentina,TypeScript,116.0
Argentina,VBA,6.0
Armenia,Bash/Shell/PowerShell,11.0
Armenia,C,4.0
Armenia,C#,10.0
Armenia,C++,9.0
Armenia,Dart,5.0
Armenia,Go,8.0
Armenia,HTML/CSS,20.0
Armenia,Haskell,2.0
Armenia,Java,14.0
Armenia,JavaScript,29.0
Armenia,Kotlin,7.0
Armenia,PHP,5.0
Armenia,Python,24.0
Armenia,R,4.0
Armenia,Ruby,3.0
Armenia,Rust,6.0
Armenia,SQL,17.0
Armenia,Scala,1.0
Armenia,Swift,5.0
Armenia,TypeScript,12.0
Armenia,VBA,1.0
Australia,Assembly,35.0
Australia,Bash/Shell/PowerShell,250.0
Australia,C,115.0
Australia,C#,302.0
Australia,C++,189.0
Australia,Dart,58.0
Australia,Go,240.0
Australia,HTML/CSS,433.0
Australia,Haskell,88.0
Australia,Java,173.0
Australia,JavaScript,487.0
Australia,Julia,25.0
Australia,Kotlin,156.0
Australia,Objective-C,33.0
Australia,PHP,95.0
Australia,Perl,17.0
Australia,Python,475.0
Australia,R,81.0
Australia,Ruby,81.0
Australia,Rust,250.0
Australia,SQL,376.0
Australia,Scala,46.0
Australia,Swift,125.0
Australia,TypeScript,370.0
Australia,VBA,23.0
Austria,Assembly,25.0
Austria,Bash/Shell/PowerShell,130.0
Austria,C,64.0
Austria,C#,140.0
Austria,C++,104.0
Austria,Dart,28.0
Austria,Go,89.0
Austria,HTML/CSS,198.0
Austria,Haskell,21.0
Austria,Java,134.0
Austria,JavaScript,202.0
Austria,Julia,20.0
Austria,Kotlin,85.0
Austria,Objective-C,8.0
Austria,PHP,58.0
Austria,Perl,12.0
Austria,Python,197.0
Austria,R,39.0
Austria,Ruby,26.0
Austria,Rust,102.0
Austria,SQL,171.0
Austria,Scala,19.0
Austria,Swift,29.0
Austria,TypeScript,167.0
Austria,VBA,7.0
Azerbaijan,Bash/Shell/PowerShell,2.0
Azerbaijan,C,8.0
Azerbaijan,C#,7.0
Azerbaijan,C++,9.0
Azerbaijan,Dart,6.0
Azerbaijan,Go,8.0
Azerbaijan,HTML/CSS,12.0
Azerbaijan,Haskell,4.0
Azerbaijan,Java,9.0
Azerbaijan,JavaScript,19.0
Azerbaijan,Kotlin,8.0
Azerbaijan,PHP,5.0
Azerbaijan,Perl,2.0
Azerbaijan,Python,15.0
Azerbaijan,R,1.0
Azerbaijan,Ruby,4.0
Azerbaijan,Rust,7.0
Azerbaijan,SQL,12.0
Azerbaijan,Scala,1.0
Azerbaijan,Swift,4.0
Azerbaijan,TypeScript,12.0
Bahamas,Go,1.0
Bahamas,Haskell,1.0
Bahamas,Swift,2.0
Bahrain,Bash/Shell/PowerShell,1.0
Bahrain,C#,4.0
Bahrain,C++,3.0
Bahrain,Go,1.0
Bahrain,HTML/CSS,5.0
Bahrain,Java,1.0
Bahrain,JavaScript,6.0
Bahrain,Kotlin,1.0
Bahrain,Objective-C,2.0
Bahrain,PHP,2.0
Bahrain,Python,3.0
Bahrain,R,1.0
Bahrain,SQL,5.0
Bahrain,Swift,2.0
Bahrain,TypeScript,2.0
Bangladesh,Assembly,23.0
Bangladesh,Bash/Shell/PowerShell,47.0
Bangladesh,C,45.0
Bangladesh,C#,115.0
Bangladesh,C++,90.0
Bangladesh,Dart,85.0
Bangladesh,Go,116.0
Bangladesh,HTML/CSS,204.0
Bangladesh,Haskell,11.0
Bangladesh,Java,136.0
Bangladesh,JavaScript,286.0
Bangladesh,Julia,9.0
Bangladesh,Kotlin,72.0
Bangladesh,Objective-C,24.0
Bangladesh,PHP,148.0
Bangladesh,Perl,11.0
Bangladesh,Python,271.0
Bangladesh,R,44.0
Bangladesh,Ruby,32.0
Bangladesh,Rust,39.0
Bangladesh,SQL,213.0
Bangladesh,Scala,24.0
Bangladesh,Swift,47.0
Bangladesh,TypeScript,140.0
Bangladesh,VBA,10.0
Barbados,Bash/Shell/PowerShell,1.0
Barbados,C++,1.0
Barbados,Dart,1.0
Barbados,Go,1.0
Barbados,HTML/CSS,3.0
Barbados,JavaScript,2.0
Barbados,PHP,1.0
Barbados,Python,2.0
Barbados,Ruby,1.0
Barbados,Rust,1.0
Barbados,SQL,2.0
Barbados,Scala,1.0
Barbados,TypeScript,1.0
Belarus,Assembly,3.0
Belarus,Bash/Shell/PowerShell,27.0
Belarus,C,11.0
Belarus,C#,29.0
Belarus,C++,20.0
Belarus,Dart,5.0
Belarus,Go,18.0
Belarus,HTML/CSS,34.0
Belarus,Haskell,5.0
Belarus,Java,25.0
Belarus,JavaScript,51.0
Belarus,Kotlin,15.0
Belarus,Objective-C,2.0
Belarus,PHP,6.0
Belarus,Perl,2.0
Belarus,Python,45.0
Belarus,R,5.0
Belarus,Ruby,8.0
Belarus,Rust,16.0
Belarus,SQL,37.0
Belarus,Scala,9.0
Belarus,Swift,8.0
Belarus,TypeScript,38.0
Belarus,VBA,2.0
Belgium,Assembly,22.0
Belgium,Bash/Shell/PowerShell,105.0
Belgium,C,43.0
Belgium,C#,123.0
Belgium,C++,73.0
Belgium,Dart,23.0
Belgium,Go,66.0
Belgium,HTML/CSS,191.0
Belgium,Haskell,17.0
Belgium,Java,113.0
Belgium,JavaScript,205.0
Belgium,Julia,4.0
Belgium,Kotlin,64.0
Belgium,Objective-C,7.0
Belgium,PHP,64.0
Belgium,Perl,2.0
Belgium,Python,171.0
Belgium,R,17.0
Belgium,Ruby,18.0
Belgium,Rust,67.0
Belgium,SQL,174.0
Belgium,Scala,23.0
Belgium,Swift,28.0
Belgium,TypeScript,139.0
Belgium,VBA,8.0
Belize,Assembly,1.0
Belize,Bash/Shell/PowerShell,1.0
Belize,C,2.0
Belize,C#,2.0
Belize,C++,2.0
Belize,Dart,1.0
Belize,Go,3.0
Belize,HTML/CSS,3.0
Belize,Java,3.0
Belize,JavaScript,3.0
Belize,Kotlin,2.0
Belize,Objective-C,2.0
Belize,PHP,3.0
Belize,Python,2.0
Belize,R,1.0
Belize,SQL,2.0
Belize,Swift,2.0
Belize,TypeScript,2.0
Belize,VBA,2.0
Benin,Assembly,1.0
Benin,Bash/Shell/PowerShell,1.0
Benin,C,3.0
Benin,C#,2.0
Benin,C++,2.0
Benin,Dart,3.0
Benin,Go,2.0
Benin,HTML/CSS,5.0
Benin,Java,3.0
Benin,JavaScript,5.0
Benin,Kotlin,5.0
Benin,PHP,5.0
Benin,Perl,1.0
Benin,Python,7.0
Benin,R,3.0
Benin,Ruby,1.0
Benin,SQL,6.0
Benin,Scala,1.0
Benin,Swift,1.0
Benin,TypeScript,3.0
Bhutan,Dart,1.0
Bhutan,Go,2.0
Bhutan,HTML/CSS,2.0
Bhutan,Java,1.0
Bhutan,JavaScript,2.0
Bhutan,Kotlin,1.0
Bhutan,PHP,1.0
Bhutan,Python,3.0
Bhutan,R,2.0
Bhutan,Ruby,1.0
Bhutan,Swift,1.0
Bhutan,TypeScript,2.0
Bolivia,Assembly,3.0
Bolivia,Bash/Shell/PowerShell,6.0
Bolivia,C,4.0
Bolivia,C#,14.0
Bolivia,C++,2.0
Bolivia,Dart,7.0
Bolivia,Go,5.0
Bolivia,HTML/CSS,16.0
Bolivia,Haskell,4.0
Bolivia,Java,11.0
Bolivia,JavaScript,20.0
Bolivia,Julia,1.0
Bolivia,Kotlin,9.0
Bolivia,Objective-C,2.0
Bolivia,PHP,4.0
Bolivia,Perl,1.0
Bolivia,Python,20.0
Bolivia,R,5.0
Bolivia,Ruby,3.0
Bolivia,Rust,3.0
Bolivia,SQL,14.0
Bolivia,Scala,4.0
Bolivia,Swift,3.0
Bolivia,TypeScript,18.0
Bolivia,VBA,2.0
Bosnia and Herzegovina,Assembly,1.0
Bosnia and Herzegovina,Bash/Shell/PowerShell,11.0
Bosnia and Herzegovina,C,7.0
Bosnia and Herzegovina,C#,32.0
Bosnia and Herzegovina,C++,12.0
Bosnia and Herzegovina,Dart,7.0
Bosnia and Herzegovina,Go,14.0
Bosnia and Herzegovina,HTML/CSS,40.0
Bosnia and Herzegovina,Haskell,3.0
Bosnia and Herzegovina,Java,25.0
Bosnia and Herzegovina,JavaScript,51.0
Bosnia and Herzegovina,Kotlin,20.0
Bosnia and Herzegovina,Objective-C,2.0
Bosnia and Herzegovina,PHP,17.0
Bosnia and Herzegovina,Perl,2.0
Bosnia and Herzegovina,Python,35.0
Bosnia and Herzegovina,R,2.0
Bosnia and Herzegovina,Ruby,5.0
Bosnia and Herzegovina,Rust,7.0
Bosnia and Herzegovina,SQL,37.0
Bosnia and Herzegovina,Scala,4.0
Bosnia and Herzegovina,Swift,10.0
Bosnia and Herzegovina,TypeScript,29.0
Botswana,Assembly,1.0
Botswana,C,1.0
Botswana,C#,5.0
Botswana,C++,2.0
Botswana,Dart,2.0
Botswana,HTML/CSS,2.0
Botswana,Java,4.0
Botswana,JavaScript,4.0
Botswana,Kotlin,1.0
Botswana,Objective-C,1.0
Botswana,PHP,2.0
Botswana,Perl,2.0
Botswana,Python,3.0
Botswana,Ruby,1.0
Botswana,SQL,1.0
Botswana,Swift,3.0
Botswana,TypeScript,2.0
Botswana,VBA,1.0
Brazil,Assembly,62.0
Brazil,Bash/Shell/PowerShell,316.0
Brazil,C,169.0
Brazil,C#,359.0
Brazil,C++,246.0
Brazil,Dart,282.0
Brazil,Go,374.0
Brazil,HTML/CSS,702.0
Brazil,Haskell,77.0
Brazil,Java,389.0
Brazil,JavaScript,927.0
Brazil,Julia,53.0
Brazil,Kotlin,303.0
Brazil,Objective-C,27.0
Brazil,PHP,212.0
Brazil,Perl,15.0
Brazil,Python,814.0
Brazil,R,140.0
Brazil,Ruby,156.0
Brazil,Rust,246.0
Brazil,SQL,667.0
Brazil,Scala,95.0
Brazil,Swift,137.0
Brazil,TypeScript,534.0
Brazil,VBA,28.0
Brunei Darussalam,Assembly,1.0
Brunei Darussalam,Bash/Shell/PowerShell,1.0
Brunei Darussalam,C,1.0
Brunei Darussalam,C#,2.0
Brunei Darussalam,C++,1.0
Brunei Darussalam,Dart,2.0
Brunei Darussalam,Go,1.0
Brunei Darussalam,HTML/CSS,2.0
Brunei Darussalam,Haskell,2.0
Brunei Darussalam,Java,1.0
Brunei Darussalam,JavaScript,2.0
Brunei Darussalam,Julia,1.0
Brunei Darussalam,Kotlin,2.0
Brunei Darussalam,Objective-C,1.0
Brunei Darussalam,PHP,3.0
Brunei Darussalam,Perl,1.0
Brunei Darussalam,Python,3.0
Brunei Darussalam,R,1.0
Brunei Darussalam,Ruby,2.0
Brunei Darussalam,Rust,1.0
Brunei Darussalam,SQL,2.0
Brunei Darussalam,Scala,1.0
Brunei Darussalam,Swift,1.0
Brunei Darussalam,TypeScript,1.0
Brunei Darussalam,VBA,1.0
Bulgaria,Assembly,11.0
Bulgaria,Bash/Shell/PowerShell,44.0
Bulgaria,C,32.0
Bulgaria,C#,88.0
Bulgaria,C++,43.0
Bulgaria,Dart,11.0
Bulgaria,Go,48.0
Bulgaria,HTML/CSS,91.0
Bulgaria,Haskell,15.0
Bulgaria,Java,69.0
Bulgaria,JavaScript,141.0
Bulgaria,Julia,4.0
Bulgaria,Kotlin,28.0
Bulgaria,Objective-C,6.0
Bulgaria,PHP,46.0
Bulgaria,Perl,2.0
Bulgaria,Python,110.0
Bulgaria,R,12.0
Bulgaria,Ruby,14.0
Bulgaria,Rust,38.0
Bulgaria,SQL,109.0
Bulgaria,Scala,10.0
Bulgaria,Swift,16.0
Bulgaria,TypeScript,85.0
Bulgaria,VBA,5.0
Burkina Faso,Bash/Shell/PowerShell,1.0
Burkina Faso,C,1.0
Burkina Faso,HTML/CSS,2.0
Burkina Faso,JavaScript,2.0
Burkina Faso,Kotlin,1.0
Burkina Faso,PHP,1.0
Burkina Faso,Python,5.0
Burkina Faso,SQL,2.0
Burkina Faso,TypeScript,1.0
Burkina Faso,VBA,1.0
Cambodia,Assembly,1.0
Cambodia,Bash/Shell/PowerShell,2.0
Cambodia,C,3.0
Cambodia,C#,4.0
Cambodia,C++,3.0
Cambodia,Dart,7.0
Cambodia,Go,1.0
Cambodia,HTML/CSS,4.0
Cambodia,Haskell,1.0
Cambodia,Java,2.0
Cambodia,JavaScript,7.0
Cambodia,Kotlin,6.0
Cambodia,PHP,3.0
Cambodia,Python,10.0
Cambodia,R,1.0
Cambodia,Ruby,1.0
Cambodia,Rust,3.0
Cambodia,SQL,5.0
Cambodia,Swift,5.0
Cambodia,TypeScript,2.0
Cameroon,Assembly,1.0
Cameroon,Bash/Shell/PowerShell,3.0
Cameroon,C,2.0
Cameroon,C#,5.0
Cameroon,C++,8.0
Cameroon,Dart,10.0
Cameroon,Go,5.0
Cameroon,HTML/CSS,15.0
Cameroon,Haskell,1.0
Cameroon,Java,11.0
Cameroon,JavaScript,28.0
Cameroon,Kotlin,7.0
Cameroon,Objective-C,3.0
Cameroon,PHP,14.0
Cameroon,Perl,1.0
Cameroon,Python,25.0
Cameroon,R,3.0
Cameroon,Ruby,5.0
Cameroon,Rust,3.0
Cameroon,SQL,16.0
Cameroon,Scala,1.0
Cameroon,TypeScript,12.0
Cameroon,VBA,2.0
Canada,Assembly,107.0
Canada,Bash/Shell/PowerShell,462.0
Canada,C,231.0
Canada,C#,550.0
Canada,C++,394.0
Canada,Dart,110.0
Canada,Go,479.0
Canada,HTML/CSS,711.0
Canada,Haskell,104.0
Canada,Java,371.0
Canada,JavaScript,918.0
Canada,Julia,57.0
Canada,Kotlin,257.0
Canada,Objective-C,49.0
Canada,PHP,185.0
Canada,Perl,34.0
Canada,Python,969.0
Canada,R,109.0
Canada,Ruby,172.0
Canada,Rust,454.0
Canada,SQL,668.0
Canada,Scala,124.0
Canada,Swift,197.0
Canada,TypeScript,652.0
Canada,VBA,29.0
Cape Verde,HTML/CSS,1.0
Cape Verde,Java,1.0
Cape Verde,SQL,1.0
Chad,Python,1.0
Chad,R,1.0
Chile,Assembly,2.0
Chile,Bash/Shell/PowerShell,28.0
Chile,C,19.0
Chile,C#,27.0
Chile,C++,24.0
Chile,Dart,21.0
Chile,Go,43.0
Chile,HTML/CSS,58.0
Chile,Haskell,6.0
Chile,Java,24.0
Chile,JavaScript,74.0
Chile,Julia,10.0
Chile,Kotlin,25.0
Chile,Objective-C,5.0
Chile,PHP,18.0
Chile,Perl,3.0
Chile,Python,83.0
Chile,R,21.0
Chile,Ruby,18.0
Chile,Rust,22.0
Chile,SQL,53.0
Chile,Scala,10.0
Chile,Swift,11.0
Chile,TypeScript,50.0
Chile,VBA,4.0
China,Assembly,18.0
China,Bash/Shell/PowerShell,43.0
China,C,49.0
China,C#,45.0
China,C++,75.0
China,Dart,18.0
China,Go,67.0
China,HTML/CSS,81.0
China,Haskell,14.0
China,Java,89.0
China,JavaScript,105.0
China,Julia,11.0
China,Kotlin,45.0
China,Objective-C,11.0
China,PHP,26.0
China,Perl,5.0
China,Python,137.0
China,R,13.0
China,Ruby,14.0
China,Rust,46.0
China,SQL,65.0
China,Scala,16.0
China,Swift,25.0
China,TypeScript,64.0
China,VBA,6.0
Colombia,Assembly,3.0
Colombia,Bash/Shell/PowerShell,39.0
Colombia,C,14.0
Colombia,C#,50.0
Colombia,C++,34.0
Colombia,Dart,39.0
Colombia,Go,93.0
Colombia,HTML/CSS,107.0
Colombia,Haskell,7.0
Colombia,Java,64.0
Colombia,JavaScript,132.0
Colombia,Julia,3.0
Colombia,Kotlin,63.0
Colombia,Objective-C,8.0
Colombia,PHP,34.0
Colombia,Perl,3.0
Colombia,Python,142.0
Colombia,R,24.0
Colombia,Ruby,28.0
Colombia,Rust,37.0
Colombia,SQL,90.0
Colombia,Scala,22.0
Colombia,Swift,34.0
Colombia,TypeScript,88.0
Colombia,VBA,4.0
"Congo, Republic of the...",C,2.0
"Congo, Republic of the...",C#,3.0
"Congo, Republic of the...",C++,1.0
"Congo, Republic of the...",Dart,1.0
"Congo, Republic of the...",HTML/CSS,1.0
"Congo, Republic of the...",Java,5.0
"Congo, Republic of the...",JavaScript,2.0
"Congo, Republic of the...",Kotlin,1.0
"Congo, Republic of the...",Objective-C,1.0
"Congo, Republic of the...",Python,2.0
"Congo, Republic of the...",Ruby,1.0
"Congo, Republic of the...",Swift,1.0
"Congo, Republic of the...",TypeScript,1.0
Costa Rica,Assembly,5.0
Costa Rica,Bash/Shell/PowerShell,13.0
Costa Rica,C,10.0
Costa Rica,C#,11.0
Costa Rica,C++,13.0
Costa Rica,Dart,6.0
Costa Rica,Go,19.0
Costa Rica,HTML/CSS,23.0
Costa Rica,Haskell,4.0
Costa Rica,Java,11.0
Costa Rica,JavaScript,35.0
Costa Rica,Julia,2.0
Costa Rica,Kotlin,10.0
Costa Rica,PHP,2.0
Costa Rica,Python,36.0
Costa Rica,R,8.0
Costa Rica,Ruby,8.0
Costa Rica,Rust,17.0
Costa Rica,SQL,16.0
Costa Rica,Scala,2.0
Costa Rica,Swift,7.0
Costa Rica,TypeScript,17.0
Croatia,Assembly,3.0
Croatia,Bash/Shell/PowerShell,26.0
Croatia,C,13.0
Croatia,C#,59.0
Croatia,C++,28.0
Croatia,Dart,11.0
Croatia,Go,27.0
Croatia,HTML/CSS,71.0
Croatia,Haskell,8.0
Croatia,Java,23.0
Croatia,JavaScript,78.0
Croatia,Julia,2.0
Croatia,Kotlin,36.0
Croatia,Objective-C,4.0
Croatia,PHP,25.0
Croatia,Perl,1.0
Croatia,Python,54.0
Croatia,R,3.0
Croatia,Ruby,7.0
Croatia,Rust,28.0
Croatia,SQL,68.0
Croatia,Scala,10.0
Croatia,Swift,13.0
Croatia,TypeScript,56.0
Croatia,VBA,2.0
Cuba,C#,7.0
Cuba,C++,3.0
Cuba,Dart,1.0
Cuba,Go,3.0
Cuba,HTML/CSS,7.0
Cuba,Haskell,2.0
Cuba,Java,4.0
Cuba,JavaScript,8.0
Cuba,Kotlin,2.0
Cuba,Objective-C,1.0
Cuba,PHP,1.0
Cuba,Python,11.0
Cuba,Ruby,1.0
Cuba,Rust,4.0
Cuba,SQL,6.0
Cuba,Scala,1.0
Cuba,Swift,3.0
Cuba,TypeScript,6.0
Cyprus,Assembly,2.0
Cyprus,Bash/Shell/PowerShell,10.0
Cyprus,C,4.0
Cyprus,C#,12.0
Cyprus,C++,9.0
Cyprus,Dart,6.0
Cyprus,Go,8.0
Cyprus,HTML/CSS,19.0
Cyprus,Haskell,4.0
Cyprus,Java,11.0
Cyprus,JavaScript,21.0
Cyprus,Julia,2.0
Cyprus,Kotlin,9.0
Cyprus,PHP,6.0
Cyprus,Perl,1.0
Cyprus,Python,15.0
Cyprus,R,4.0
Cyprus,Ruby,2.0
Cyprus,Rust,10.0
Cyprus,SQL,18.0
Cyprus,Scala,2.0
Cyprus,Swift,6.0
Cyprus,TypeScript,12.0
Cyprus,VBA,1.0
Czech Republic,Assembly,19.0
Czech Republic,Bash/Shell/PowerShell,108.0
Czech Republic,C,53.0
Czech Republic,C#,149.0
Czech Republic,C++,93.0
Czech Republic,Dart,12.0
Czech Republic,Go,57.0
Czech Republic,HTML/CSS,162.0
Czech Republic,Haskell,21.0
Czech Republic,Java,89.0
Czech Republic,JavaScript,178.0
Czech Republic,Julia,6.0
Czech Republic,Kotlin,77.0
Czech Republic,Objective-C,6.0
Czech Republic,PHP,59.0
Czech Republic,Perl,9.0
Czech Republic,Python,195.0
Czech Republic,R,25.0
Czech Republic,Ruby,15.0
Czech Republic,Rust,92.0
Czech Republic,SQL,172.0
Czech Republic,Scala,15.0
Czech Republic,Swift,33.0
Czech Republic,TypeScript,136.0
Czech Republic,VBA,8.0
CÃ´te d'Ivoire,Bash/Shell/PowerShell,2.0
CÃ´te d'Ivoire,C,2.0
CÃ´te d'Ivoire,C#,3.0
CÃ´te d'Ivoire,C++,3.0
CÃ´te d'Ivoire,Go,1.0
CÃ´te d'Ivoire,HTML/CSS,7.0
CÃ´te d'Ivoire,Haskell,1.0
CÃ´te d'Ivoire,Java,9.0
CÃ´te d'Ivoire,JavaScript,6.0
CÃ´te d'Ivoire,Kotlin,2.0
CÃ´te d'Ivoire,PHP,7.0
CÃ´te d'Ivoire,Perl,2.0
CÃ´te d'Ivoire,Python,7.0
CÃ´te d'Ivoire,R,3.0
CÃ´te d'Ivoire,Ruby,1.0
CÃ´te d'Ivoire,Rust,1.0
CÃ´te d'Ivoire,SQL,3.0
CÃ´te d'Ivoire,Swift,3.0
CÃ´te d'Ivoire,TypeScript,2.0
Democratic Republic of the Congo,Bash/Shell/PowerShell,2.0
Democratic Republic of the Congo,Dart,1.0
Democratic Republic of the Congo,Go,1.0
Democratic Republic of the Congo,HTML/CSS,4.0
Democratic Republic of the Congo,Haskell,1.0
Democratic Republic of the Congo,Java,3.0
Democratic Republic of the Congo,JavaScript,3.0
Democratic Republic of the Congo,Julia,1.0
Democratic Republic of the Congo,Kotlin,2.0
Democratic Republic of the Congo,PHP,3.0
Democratic Republic of the Congo,Perl,1.0
Democratic Republic of the Congo,Python,4.0
Democratic Republic of the Congo,R,1.0
Democratic Republic of the Congo,Ruby,2.0
Democratic Republic of the Congo,Rust,2.0
Democratic Republic of the Congo,SQL,2.0
Democratic Republic of the Congo,Scala,1.0
Democratic Republic of the Congo,Swift,2.0
Democratic Republic of the Congo,TypeScript,3.0
Democratic Republic of the Congo,VBA,1.0
Denmark,Assembly,9.0
Denmark,Bash/Shell/PowerShell,95.0
Denmark,C,31.0
Denmark,C#,157.0
Denmark,C++,51.0
Denmark,Dart,20.0
Denmark,Go,59.0
Denmark,HTML/CSS,140.0
Denmark,Haskell,21.0
Denmark,Java,47.0
Denmark,JavaScript,157.0
Denmark,Julia,15.0
Denmark,Kotlin,34.0
Denmark,Objective-C,5.0
Denmark,PHP,38.0
Denmark,Perl,5.0
Denmark,Python,136.0
Denmark,R,30.0
Denmark,Ruby,13.0
Denmark,Rust,75.0
Denmark,SQL,134.0
Denmark,Scala,15.0
Denmark,Swift,29.0
Denmark,TypeScript,133.0
Denmark,VBA,10.0
Djibouti,C#,1.0
Djibouti,Go,1.0
Djibouti,HTML/CSS,1.0
Djibouti,Java,2.0
Djibouti,JavaScript,1.0
Djibouti,Kotlin,1.0
Djibouti,SQL,1.0
Dominican Republic,Bash/Shell/PowerShell,9.0
Dominican Republic,C,2.0
Dominican Republic,C#,22.0
Dominican Republic,C++,5.0
Dominican Republic,Dart,18.0
Dominican Republic,Go,22.0
Dominican Republic,HTML/CSS,32.0
Dominican Republic,Haskell,3.0
Dominican Republic,Java,14.0
Dominican Republic,JavaScript,41.0
Dominican Republic,Julia,2.0
Dominican Republic,Kotlin,19.0
Dominican Republic,Objective-C,2.0
Dominican Republic,PHP,11.0
Dominican Republic,Perl,2.0
Dominican Republic,Python,32.0
Dominican Republic,R,4.0
Dominican Republic,Ruby,4.0
Dominican Republic,Rust,6.0
Dominican Republic,SQL,26.0
Dominican Republic,Scala,1.0
Dominican Republic,Swift,16.0
Dominican Republic,TypeScript,35.0
Dominican Republic,VBA,1.0
Ecuador,Assembly,1.0
Ecuador,Bash/Shell/PowerShell,4.0
Ecuador,C#,12.0
Ecuador,C++,4.0
Ecuador,Dart,10.0
Ecuador,Go,8.0
Ecuador,HTML/CSS,24.0
Ecuador,Haskell,1.0
Ecuador,Java,13.0
Ecuador,JavaScript,30.0
Ecuador,Julia,1.0
Ecuador,Kotlin,11.0
Ecuador,Objective-C,2.0
Ecuador,PHP,8.0
Ecuador,Perl,1.0
Ecuador,Python,23.0
Ecuador,R,6.0
Ecuador,Ruby,5.0
Ecuador,Rust,7.0
Ecuador,SQL,21.0
Ecuador,Scala,2.0
Ecuador,Swift,4.0
Ecuador,TypeScript,19.0
Egypt,Assembly,19.0
Egypt,Bash/Shell/PowerShell,22.0
Egypt,C,29.0
Egypt,C#,56.0
Egypt,C++,52.0
Egypt,Dart,37.0
Egypt,Go,32.0
Egypt,HTML/CSS,73.0
Egypt,Haskell,8.0
Egypt,Java,66.0
Egypt,JavaScript,97.0
Egypt,Julia,6.0
Egypt,Kotlin,39.0
Egypt,Objective-C,10.0
Egypt,PHP,41.0
Egypt,Perl,5.0
Egypt,Python,92.0
Egypt,R,14.0
Egypt,Ruby,24.0
Egypt,Rust,27.0
Egypt,SQL,75.0
Egypt,Scala,12.0
Egypt,Swift,26.0
Egypt,TypeScript,60.0
Egypt,VBA,7.0
El Salvador,Assembly,1.0
El Salvador,Bash/Shell/PowerShell,4.0
El Salvador,C,2.0
El Salvador,C#,2.0
El Salvador,C++,2.0
El Salvador,Dart,1.0
El Salvador,Go,5.0
El Salvador,HTML/CSS,10.0
El Salvador,Java,7.0
El Salvador,JavaScript,13.0
El Salvador,Kotlin,9.0
El Salvador,Objective-C,2.0
El Salvador,PHP,7.0
El Salvador,Perl,1.0
El Salvador,Python,11.0
El Salvador,R,2.0
El Salvador,Ruby,8.0
El Salvador,Rust,3.0
El Salvador,SQL,12.0
El Salvador,Swift,5.0
El Salvador,TypeScript,7.0
Eritrea,C#,1.0
Eritrea,Java,2.0
Eritrea,JavaScript,1.0
Eritrea,Kotlin,1.0
Eritrea,PHP,1.0
Eritrea,Python,1.0
Eritrea,SQL,1.0
Estonia,Assembly,7.0
Estonia,Bash/Shell/PowerShell,30.0
Estonia,C,10.0
Estonia,C#,27.0
Estonia,C++,18.0
Estonia,Dart,8.0
Estonia,Go,28.0
Estonia,HTML/CSS,48.0
Estonia,Haskell,5.0
Estonia,Java,44.0
Estonia,JavaScript,58.0
Estonia,Julia,1.0
Estonia,Kotlin,32.0
Estonia,PHP,17.0
Estonia,Perl,2.0
Estonia,Python,51.0
Estonia,R,4.0
Estonia,Ruby,4.0
Estonia,Rust,28.0
Estonia,SQL,47.0
Estonia,Scala,4.0
Estonia,Swift,8.0
Estonia,TypeScript,45.0
Estonia,VBA,1.0
Ethiopia,Assembly,2.0
Ethiopia,Bash/Shell/PowerShell,5.0
Ethiopia,C,6.0
Ethiopia,C#,13.0
Ethiopia,C++,12.0
Ethiopia,Dart,15.0
Ethiopia,Go,7.0
Ethiopia,HTML/CSS,21.0
Ethiopia,Haskell,1.0
Ethiopia,Java,16.0
Ethiopia,JavaScript,28.0
Ethiopia,Kotlin,14.0
Ethiopia,Objective-C,3.0
Ethiopia,PHP,13.0
Ethiopia,Perl,5.0
Ethiopia,Python,30.0
Ethiopia,R,2.0
Ethiopia,Ruby,3.0
Ethiopia,Rust,2.0
Ethiopia,SQL,19.0
Ethiopia,Scala,2.0
Ethiopia,Swift,5.0
Ethiopia,TypeScript,15.0
Ethiopia,VBA,2.0
Finland,Assembly,10.0
Finland,Bash/Shell/PowerShell,79.0
Finland,C,32.0
Finland,C#,67.0
Finland,C++,59.0
Finland,Dart,14.0
Finland,Go,53.0
Finland,HTML/CSS,124.0
Finland,Haskell,14.0
Finland,Java,57.0
Finland,JavaScript,151.0
Finland,Julia,5.0
Finland,Kotlin,53.0
Finland,Objective-C,2.0
Finland,PHP,38.0
Finland,Perl,8.0
Finland,Python,146.0
Finland,R,18.0
Finland,Ruby,16.0
Finland,Rust,72.0
Finland,SQL,117.0
Finland,Scala,19.0
Finland,Swift,24.0
Finland,TypeScript,107.0
Finland,VBA,3.0
France,Assembly,89.0
France,Bash/Shell/PowerShell,412.0
France,C,227.0
France,C#,301.0
France,C++,341.0
France,Dart,106.0
France,Go,366.0
France,HTML/CSS,625.0
France,Haskell,107.0
France,Java,355.0
France,JavaScript,743.0
France,Julia,45.0
France,Kotlin,260.0
France,Objective-C,17.0
France,PHP,237.0
France,Perl,31.0
France,Python,791.0
France,R,106.0
France,Ruby,88.0
France,Rust,426.0
France,SQL,556.0
France,Scala,113.0
France,Swift,116.0
France,TypeScript,532.0
France,VBA,25.0
Gabon,Bash/Shell/PowerShell,1.0
Gabon,C#,1.0
Gabon,C++,1.0
Gabon,HTML/CSS,1.0
Gabon,Java,1.0
Gabon,JavaScript,1.0
Gabon,Python,1.0
Gabon,R,1.0
Gabon,Swift,1.0
Gambia,Assembly,1.0
Gambia,C,1.0
Gambia,C#,1.0
Gambia,C++,1.0
Gambia,HTML/CSS,2.0
Gambia,Java,2.0
Gambia,JavaScript,2.0
Gambia,Kotlin,1.0
Gambia,PHP,2.0
Gambia,Python,1.0
Gambia,Ruby,1.0
Gambia,SQL,2.0
Gambia,VBA,1.0
Georgia,Assembly,5.0
Georgia,Bash/Shell/PowerShell,11.0
Georgia,C,9.0
Georgia,C#,18.0
Georgia,C++,16.0
Georgia,Dart,4.0
Georgia,Go,8.0
Georgia,HTML/CSS,18.0
Georgia,Haskell,4.0
Georgia,Java,18.0
Georgia,JavaScript,32.0
Georgia,Julia,4.0
Georgia,Kotlin,12.0
Georgia,Objective-C,3.0
Georgia,PHP,10.0
Georgia,Perl,1.0
Georgia,Python,23.0
Georgia,R,3.0
Georgia,Ruby,4.0
Georgia,Rust,6.0
Georgia,SQL,18.0
Georgia,Scala,3.0
Georgia,Swift,7.0
Georgia,TypeScript,16.0
Georgia,VBA,2.0
Germany,Assembly,166.0
Germany,Bash/Shell/PowerShell,933.0
Germany,C,437.0
Germany,C#,821.0
Germany,C++,735.0
Germany,Dart,209.0
Germany,Go,758.0
Germany,HTML/CSS,1303.0
Germany,Haskell,218.0
Germany,Java,923.0
Germany,JavaScript,1388.0
Germany,Julia,101.0
Germany,Kotlin,706.0
Germany,Objective-C,56.0
Germany,PHP,415.0
Germany,Perl,64.0
Germany,Python,1518.0
Germany,R,183.0
Germany,Ruby,175.0
Germany,Rust,855.0
Germany,SQL,1163.0
Germany,Scala,183.0
Germany,Swift,275.0
Germany,TypeScript,1065.0
Germany,VBA,54.0
Ghana,Assembly,1.0
Ghana,Bash/Shell/PowerShell,9.0
Ghana,C,14.0
Ghana,C#,18.0
Ghana,C++,17.0
Ghana,Dart,27.0
Ghana,Go,23.0
Ghana,HTML/CSS,39.0
Ghana,Haskell,1.0
Ghana,Java,20.0
Ghana,JavaScript,47.0
Ghana,Kotlin,16.0
Ghana,Objective-C,6.0
Ghana,PHP,20.0
Ghana,Perl,5.0
Ghana,Python,42.0
Ghana,R,8.0
Ghana,Ruby,8.0
Ghana,Rust,8.0
Ghana,SQL,27.0
Ghana,Scala,5.0
Ghana,Swift,18.0
Ghana,TypeScript,27.0
Ghana,VBA,7.0
Greece,Assembly,23.0
Greece,Bash/Shell/PowerShell,68.0
Greece,C,39.0
Greece,C#,84.0
Greece,C++,65.0
Greece,Dart,17.0
Greece,Go,77.0
Greece,HTML/CSS,118.0
Greece,Haskell,16.0
Greece,Java,107.0
Greece,JavaScript,156.0
Greece,Julia,4.0
Greece,Kotlin,64.0
Greece,Objective-C,5.0
Greece,PHP,56.0
Greece,Perl,6.0
Greece,Python,168.0
Greece,R,30.0
Greece,Ruby,23.0
Greece,Rust,55.0
Greece,SQL,137.0
Greece,Scala,22.0
Greece,Swift,22.0
Greece,TypeScript,89.0
Greece,VBA,2.0
Grenada,Kotlin,1.0
Guatemala,Bash/Shell/PowerShell,7.0
Guatemala,C,2.0
Guatemala,C#,14.0
Guatemala,C++,4.0
Guatemala,Dart,11.0
Guatemala,Go,13.0
Guatemala,HTML/CSS,11.0
Guatemala,Haskell,2.0
Guatemala,Java,9.0
Guatemala,JavaScript,25.0
Guatemala,Julia,2.0
Guatemala,Kotlin,11.0
Guatemala,PHP,3.0
Guatemala,Perl,1.0
Guatemala,Python,28.0
Guatemala,R,8.0
Guatemala,Ruby,4.0
Guatemala,Rust,4.0
Guatemala,SQL,15.0
Guatemala,Scala,5.0
Guatemala,Swift,3.0
Guatemala,TypeScript,16.0
Guatemala,VBA,3.0
Guinea,Dart,1.0
Guinea,HTML/CSS,1.0
Guinea,Java,1.0
Guinea,JavaScript,1.0
Guinea,Kotlin,1.0
Guinea,Objective-C,1.0
Guinea,PHP,1.0
Guinea,Python,3.0
Guinea,Ruby,1.0
Guinea,SQL,1.0
Guinea,Swift,1.0
Guinea,TypeScript,1.0
Guyana,C,1.0
Guyana,C++,1.0
Guyana,HTML/CSS,2.0
Guyana,Java,2.0
Guyana,JavaScript,1.0
Guyana,Kotlin,1.0
Guyana,Python,3.0
Guyana,R,1.0
Guyana,SQL,1.0
Guyana,Swift,1.0
Guyana,TypeScript,1.0
Haiti,Bash/Shell/PowerShell,1.0
Haiti,Dart,1.0
Haiti,HTML/CSS,2.0
Haiti,Java,3.0
Haiti,JavaScript,2.0
Haiti,Kotlin,2.0
Haiti,Python,2.0
Haiti,SQL,1.0
Haiti,Swift,1.0
Haiti,TypeScript,1.0
Honduras,Assembly,1.0
Honduras,Bash/Shell/PowerShell,5.0
Honduras,C,1.0
Honduras,C#,5.0
Honduras,C++,3.0
Honduras,Dart,3.0
Honduras,Go,6.0
Honduras,HTML/CSS,5.0
Honduras,Haskell,2.0
Honduras,Java,3.0
Honduras,JavaScript,10.0
Honduras,Kotlin,3.0
Honduras,PHP,2.0
Honduras,Perl,1.0
Honduras,Python,9.0
Honduras,R,2.0
Honduras,Ruby,2.0
Honduras,Rust,4.0
Honduras,SQL,3.0
Honduras,Scala,1.0
Honduras,Swift,1.0
Honduras,TypeScript,7.0
Honduras,VBA,1.0
Hong Kong (S.A.R.),Assembly,2.0
Hong Kong (S.A.R.),Bash/Shell/PowerShell,31.0
Hong Kong (S.A.R.),C,6.0
Hong Kong (S.A.R.),C#,24.0
Hong Kong (S.A.R.),C++,14.0
Hong Kong (S.A.R.),Dart,10.0
Hong Kong (S.A.R.),Go,22.0
Hong Kong (S.A.R.),HTML/CSS,33.0
Hong Kong (S.A.R.),Haskell,6.0
Hong Kong (S.A.R.),Java,21.0
Hong Kong (S.A.R.),JavaScript,43.0
Hong Kong (S.A.R.),Julia,3.0
Hong Kong (S.A.R.),Kotlin,14.0
Hong Kong (S.A.R.),Objective-C,5.0
Hong Kong (S.A.R.),PHP,14.0
Hong Kong (S.A.R.),Perl,1.0
Hong Kong (S.A.R.),Python,42.0
Hong Kong (S.A.R.),R,7.0
Hong Kong (S.A.R.),Ruby,4.0
Hong Kong (S.A.R.),Rust,16.0
Hong Kong (S.A.R.),SQL,31.0
Hong Kong (S.A.R.),Scala,6.0
Hong Kong (S.A.R.),Swift,16.0
Hong Kong (S.A.R.),TypeScript,25.0
Hong Kong (S.A.R.),VBA,2.0
Hungary,Assembly,23.0
Hungary,Bash/Shell/PowerShell,77.0
Hungary,C,40.0
Hungary,C#,99.0
Hungary,C++,64.0
Hungary,Dart,22.0
Hungary,Go,61.0
Hungary,HTML/CSS,157.0
Hungary,Haskell,21.0
Hungary,Java,104.0
Hungary,JavaScript,166.0
Hungary,Julia,6.0
Hungary,Kotlin,62.0
Hungary,Objective-C,3.0
Hungary,PHP,44.0
Hungary,Perl,5.0
Hungary,Python,135.0
Hungary,R,8.0
Hungary,Ruby,14.0
Hungary,Rust,46.0
Hungary,SQL,146.0
Hungary,Scala,26.0
Hungary,Swift,16.0
Hungary,TypeScript,108.0
Hungary,VBA,6.0
Iceland,Bash/Shell/PowerShell,8.0
Iceland,C,1.0
Iceland,C#,19.0
Iceland,C++,5.0
Iceland,Dart,6.0
Iceland,Go,10.0
Iceland,HTML/CSS,13.0
Iceland,Haskell,4.0
Iceland,Java,2.0
Iceland,JavaScript,14.0
Iceland,Julia,1.0
Iceland,Objective-C,1.0
Iceland,PHP,2.0
Iceland,Perl,1.0
Iceland,Python,15.0
Iceland,R,1.0
Iceland,Ruby,1.0
Iceland,Rust,11.0
Iceland,SQL,12.0
Iceland,Scala,3.0
Iceland,TypeScript,11.0
India,Assembly,226.0
India,Bash/Shell/PowerShell,736.0
India,C,655.0
India,C#,860.0
India,C++,980.0
India,Dart,838.0
India,Go,1539.0
India,HTML/CSS,2182.0
India,Haskell,196.0
India,Java,1975.0
India,JavaScript,3209.0
India,Julia,211.0
India,Kotlin,1297.0
India,Objective-C,265.0
India,PHP,920.0
India,Perl,165.0
India,Python,3697.0
India,R,748.0
India,Ruby,521.0
India,Rust,654.0
India,SQL,2135.0
India,Scala,477.0
India,Swift,770.0
India,TypeScript,1751.0
India,VBA,115.0
Indonesia,Assembly,21.0
Indonesia,Bash/Shell/PowerShell,39.0
Indonesia,C,43.0
Indonesia,C#,59.0
Indonesia,C++,56.0
Indonesia,Dart,86.0
Indonesia,Go,148.0
Indonesia,HTML/CSS,154.0
Indonesia,Haskell,15.0
Indonesia,Java,109.0
Indonesia,JavaScript,208.0
Indonesia,Julia,13.0
Indonesia,Kotlin,126.0
Indonesia,Objective-C,15.0
Indonesia,PHP,107.0
Indonesia,Perl,13.0
Indonesia,Python,198.0
Indonesia,R,39.0
Indonesia,Ruby,59.0
Indonesia,Rust,52.0
Indonesia,SQL,128.0
Indonesia,Scala,18.0
Indonesia,Swift,64.0
Indonesia,TypeScript,117.0
Indonesia,VBA,19.0
Iran,Assembly,9.0
Iran,Bash/Shell/PowerShell,104.0
Iran,C,45.0
Iran,C#,94.0
Iran,C++,55.0
Iran,Dart,53.0
Iran,Go,125.0
Iran,HTML/CSS,185.0
Iran,Haskell,9.0
Iran,Java,103.0
Iran,JavaScript,222.0
Iran,Julia,6.0
Iran,Kotlin,88.0
Iran,Objective-C,12.0
Iran,PHP,83.0
Iran,Perl,4.0
Iran,Python,217.0
Iran,R,29.0
Iran,Ruby,12.0
Iran,Rust,70.0
Iran,SQL,176.0
Iran,Scala,20.0
Iran,Swift,35.0
Iran,TypeScript,136.0
Iran,VBA,3.0
Iraq,Assembly,3.0
Iraq,Bash/Shell/PowerShell,6.0
Iraq,C,4.0
Iraq,C#,16.0
Iraq,C++,5.0
Iraq,Dart,9.0
Iraq,Go,4.0
Iraq,HTML/CSS,13.0
Iraq,Haskell,2.0
Iraq,Java,11.0
Iraq,JavaScript,12.0
Iraq,Julia,2.0
Iraq,Kotlin,9.0
Iraq,Objective-C,1.0
Iraq,PHP,11.0
Iraq,Perl,2.0
Iraq,Python,14.0
Iraq,R,6.0
Iraq,Ruby,3.0
Iraq,Rust,4.0
Iraq,SQL,14.0
Iraq,Scala,2.0
Iraq,Swift,8.0
Iraq,TypeScript,6.0
Iraq,VBA,5.0
Ireland,Assembly,8.0
Ireland,Bash/Shell/PowerShell,83.0
Ireland,C,32.0
Ireland,C#,89.0
Ireland,C++,54.0
Ireland,Dart,15.0
Ireland,Go,89.0
Ireland,HTML/CSS,118.0
Ireland,Haskell,13.0
Ireland,Java,112.0
Ireland,JavaScript,183.0
Ireland,Julia,8.0
Ireland,Kotlin,64.0
Ireland,Objective-C,8.0
Ireland,PHP,28.0
Ireland,Perl,6.0
Ireland,Python,184.0
Ireland,R,37.0
Ireland,Ruby,31.0
Ireland,Rust,84.0
Ireland,SQL,133.0
Ireland,Scala,33.0
Ireland,Swift,31.0
Ireland,TypeScript,114.0
Ireland,VBA,3.0
Isle of Man,Bash/Shell/PowerShell,1.0
Isle of Man,C#,4.0
Isle of Man,C++,3.0
Isle of Man,Go,2.0
Isle of Man,HTML/CSS,4.0
Isle of Man,Haskell,1.0
Isle of Man,Java,1.0
Isle of Man,JavaScript,5.0
Isle of Man,Kotlin,1.0
Isle of Man,Python,2.0
Isle of Man,R,1.0
Isle of Man,Rust,1.0
Isle of Man,SQL,4.0
Isle of Man,TypeScript,2.0
Israel,Assembly,30.0
Israel,Bash/Shell/PowerShell,108.0
Israel,C,72.0
Israel,C#,135.0
Israel,C++,111.0
Israel,Dart,32.0
Israel,Go,135.0
Israel,HTML/CSS,167.0
Israel,Haskell,28.0
Israel,Java,131.0
Israel,JavaScript,272.0
Israel,Julia,14.0
Israel,Kotlin,109.0
Israel,Objective-C,12.0
Israel,PHP,37.0
Israel,Perl,6.0
Israel,Python,301.0
Israel,R,27.0
Israel,Ruby,19.0
Israel,Rust,104.0
Israel,SQL,167.0
Israel,Scala,40.0
Israel,Swift,45.0
Israel,TypeScript,176.0
Israel,VBA,9.0
Italy,Assembly,36.0
Italy,Bash/Shell/PowerShell,253.0
Italy,C,149.0
Italy,C#,287.0
Italy,C++,198.0
Italy,Dart,93.0
Italy,Go,243.0
Italy,HTML/CSS,410.0
Italy,Haskell,52.0
Italy,Java,284.0
Italy,JavaScript,504.0
Italy,Julia,27.0
Italy,Kotlin,187.0
Italy,Objective-C,23.0
Italy,PHP,156.0
Italy,Perl,18.0
Italy,Python,474.0
Italy,R,71.0
Italy,Ruby,50.0
Italy,Rust,187.0
Italy,SQL,412.0
Italy,Scala,82.0
Italy,Swift,95.0
Italy,TypeScript,322.0
Italy,VBA,21.0
Jamaica,Bash/Shell/PowerShell,1.0
Jamaica,C,2.0
Jamaica,C#,4.0
Jamaica,C++,3.0
Jamaica,Dart,2.0
Jamaica,Go,2.0
Jamaica,HTML/CSS,8.0
Jamaica,Java,2.0
Jamaica,JavaScript,7.0
Jamaica,Kotlin,3.0
Jamaica,Objective-C,1.0
Jamaica,PHP,3.0
Jamaica,Python,4.0
Jamaica,Ruby,1.0
Jamaica,Rust,3.0
Jamaica,SQL,6.0
Jamaica,Swift,3.0
Jamaica,TypeScript,3.0
Japan,Assembly,18.0
Japan,Bash/Shell/PowerShell,47.0
Japan,C,25.0
Japan,C#,43.0
Japan,C++,51.0
Japan,Dart,21.0
Japan,Go,78.0
Japan,HTML/CSS,76.0
Japan,Haskell,20.0
Japan,Java,43.0
Japan,JavaScript,106.0
Japan,Julia,9.0
Japan,Kotlin,44.0
Japan,Objective-C,13.0
Japan,PHP,26.0
Japan,Perl,5.0
Japan,Python,122.0
Japan,R,19.0
Japan,Ruby,36.0
Japan,Rust,79.0
Japan,SQL,67.0
Japan,Scala,22.0
Japan,Swift,37.0
Japan,TypeScript,88.0
Japan,VBA,5.0
Jordan,Assembly,2.0
Jordan,Bash/Shell/PowerShell,9.0
Jordan,C,3.0
Jordan,C#,12.0
Jordan,C++,3.0
Jordan,Dart,4.0
Jordan,Go,4.0
Jordan,HTML/CSS,21.0
Jordan,Haskell,2.0
Jordan,Java,11.0
Jordan,JavaScript,27.0
Jordan,Julia,2.0
Jordan,Kotlin,11.0
Jordan,Objective-C,4.0
Jordan,PHP,9.0
Jordan,Perl,1.0
Jordan,Python,17.0
Jordan,R,2.0
Jordan,Ruby,3.0
Jordan,Rust,4.0
Jordan,SQL,18.0
Jordan,Scala,3.0
Jordan,Swift,6.0
Jordan,TypeScript,23.0
Jordan,VBA,1.0
Kazakhstan,Assembly,3.0
Kazakhstan,Bash/Shell/PowerShell,6.0
Kazakhstan,C,4.0
Kazakhstan,C#,14.0
Kazakhstan,C++,6.0
Kazakhstan,Dart,9.0
Kazakhstan,Go,14.0
Kazakhstan,HTML/CSS,20.0
Kazakhstan,Haskell,2.0
Kazakhstan,Java,11.0
Kazakhstan,JavaScript,23.0
Kazakhstan,Julia,1.0
Kazakhstan,Kotlin,9.0
Kazakhstan,PHP,5.0
Kazakhstan,Python,24.0
Kazakhstan,R,1.0
Kazakhstan,Ruby,3.0
Kazakhstan,Rust,4.0
Kazakhstan,SQL,21.0
Kazakhstan,Scala,3.0
Kazakhstan,Swift,3.0
Kazakhstan,TypeScript,15.0
Kenya,Assembly,10.0
Kenya,Bash/Shell/PowerShell,22.0
Kenya,C,18.0
Kenya,C#,36.0
Kenya,C++,32.0
Kenya,Dart,38.0
Kenya,Go,50.0
Kenya,HTML/CSS,93.0
Kenya,Haskell,5.0
Kenya,Java,73.0
Kenya,JavaScript,114.0
Kenya,Julia,8.0
Kenya,Kotlin,61.0
Kenya,Objective-C,5.0
Kenya,PHP,57.0
Kenya,Perl,3.0
Kenya,Python,127.0
Kenya,R,22.0
Kenya,Ruby,19.0
Kenya,Rust,21.0
Kenya,SQL,77.0
Kenya,Scala,3.0
Kenya,Swift,21.0
Kenya,TypeScript,44.0
Kenya,VBA,7.0
Kosovo,Assembly,3.0
Kosovo,Bash/Shell/PowerShell,1.0
Kosovo,C,4.0
Kosovo,C#,6.0
Kosovo,C++,7.0
Kosovo,Dart,3.0
Kosovo,Go,6.0
Kosovo,HTML/CSS,7.0
Kosovo,Haskell,2.0
Kosovo,Java,4.0
Kosovo,JavaScript,11.0
Kosovo,Julia,1.0
Kosovo,Kotlin,6.0
Kosovo,Objective-C,3.0
Kosovo,PHP,8.0
Kosovo,Perl,1.0
Kosovo,Python,11.0
Kosovo,R,3.0
Kosovo,Ruby,4.0
Kosovo,Rust,5.0
Kosovo,SQL,6.0
Kosovo,Scala,3.0
Kosovo,Swift,10.0
Kosovo,TypeScript,11.0
Kosovo,VBA,1.0
Kuwait,Bash/Shell/PowerShell,1.0
Kuwait,C,1.0
Kuwait,C#,3.0
Kuwait,C++,2.0
Kuwait,Go,1.0
Kuwait,HTML/CSS,4.0
Kuwait,Java,4.0
Kuwait,JavaScript,6.0
Kuwait,Kotlin,1.0
Kuwait,PHP,2.0
Kuwait,Perl,1.0
Kuwait,Python,9.0
Kuwait,Ruby,1.0
Kuwait,Rust,2.0
Kuwait,SQL,3.0
Kuwait,TypeScript,5.0
Kyrgyzstan,Assembly,2.0
Kyrgyzstan,Bash/Shell/PowerShell,2.0
Kyrgyzstan,C,2.0
Kyrgyzstan,C++,1.0
Kyrgyzstan,Dart,3.0
Kyrgyzstan,Go,4.0
Kyrgyzstan,HTML/CSS,4.0
Kyrgyzstan,Java,4.0
Kyrgyzstan,JavaScript,5.0
Kyrgyzstan,Kotlin,2.0
Kyrgyzstan,PHP,5.0
Kyrgyzstan,Python,9.0
Kyrgyzstan,Ruby,2.0
Kyrgyzstan,Rust,2.0
Kyrgyzstan,SQL,3.0
Kyrgyzstan,Swift,1.0
Kyrgyzstan,TypeScript,3.0
Kyrgyzstan,VBA,1.0
Lao People's Democratic Republic,Assembly,2.0
Lao People's Democratic Republic,Bash/Shell/PowerShell,1.0
Lao People's Democratic Republic,C,1.0
Lao People's Democratic Republic,C#,3.0
Lao People's Democratic Republic,C++,1.0
Lao People's Democratic Republic,Dart,4.0
Lao People's Democratic Republic,Go,5.0
Lao People's Democratic Republic,HTML/CSS,4.0
Lao People's Democratic Republic,Haskell,2.0
Lao People's Democratic Republic,Java,3.0
Lao People's Democratic Republic,JavaScript,5.0
Lao People's Democratic Republic,Julia,1.0
Lao People's Democratic Republic,Kotlin,2.0
Lao People's Democratic Republic,Objective-C,1.0
Lao People's Democratic Republic,PHP,4.0
Lao People's Democratic Republic,Perl,2.0
Lao People's Democratic Republic,Python,5.0
Lao People's Democratic Republic,R,2.0
Lao People's Democratic Republic,Ruby,3.0
Lao People's Democratic Republic,Rust,2.0
Lao People's Democratic Republic,SQL,4.0
Lao People's Democratic Republic,Scala,3.0
Lao People's Democratic Republic,Swift,1.0
Lao People's Democratic Republic,TypeScript,4.0
Lao People's Democratic Republic,VBA,1.0
Latvia,Assembly,6.0
Latvia,Bash/Shell/PowerShell,19.0
Latvia,C,12.0
Latvia,C#,28.0
Latvia,C++,21.0
Latvia,Dart,5.0
Latvia,Go,17.0
Latvia,HTML/CSS,42.0
Latvia,Haskell,5.0
Latvia,Java,19.0
Latvia,JavaScript,49.0
Latvia,Kotlin,15.0
Latvia,Objective-C,1.0
Latvia,PHP,29.0
Latvia,Python,41.0
Latvia,R,6.0
Latvia,Ruby,7.0
Latvia,Rust,21.0
Latvia,SQL,39.0
Latvia,Scala,6.0
Latvia,Swift,8.0
Latvia,TypeScript,38.0
Latvia,VBA,2.0
Lebanon,Assembly,3.0
Lebanon,Bash/Shell/PowerShell,9.0
Lebanon,C,3.0
Lebanon,C#,22.0
Lebanon,C++,8.0
Lebanon,Dart,11.0
Lebanon,Go,13.0
Lebanon,HTML/CSS,23.0
Lebanon,Haskell,2.0
Lebanon,Java,17.0
Lebanon,JavaScript,28.0
Lebanon,Julia,1.0
Lebanon,Kotlin,11.0
Lebanon,PHP,13.0
Lebanon,Python,24.0
Lebanon,R,5.0
Lebanon,Ruby,3.0
Lebanon,Rust,3.0
Lebanon,SQL,30.0
Lebanon,Scala,3.0
Lebanon,Swift,9.0
Lebanon,TypeScript,14.0
Lesotho,C++,1.0
Lesotho,HTML/CSS,1.0
Lesotho,Java,1.0
Lesotho,JavaScript,1.0
Lesotho,Kotlin,1.0
Lesotho,SQL,1.0
Libyan Arab Jamahiriya,Bash/Shell/PowerShell,1.0
Libyan Arab Jamahiriya,C#,1.0
Libyan Arab Jamahiriya,C++,1.0
Libyan Arab Jamahiriya,Dart,3.0
Libyan Arab Jamahiriya,Go,3.0
Libyan Arab Jamahiriya,HTML/CSS,2.0
Libyan Arab Jamahiriya,Java,1.0
Libyan Arab Jamahiriya,JavaScript,3.0
Libyan Arab Jamahiriya,Kotlin,3.0
Libyan Arab Jamahiriya,PHP,2.0
Libyan Arab Jamahiriya,Python,3.0
Libyan Arab Jamahiriya,Ruby,1.0
Libyan Arab Jamahiriya,Rust,1.0
Libyan Arab Jamahiriya,SQL,1.0
Libyan Arab Jamahiriya,Swift,1.0
Libyan Arab Jamahiriya,TypeScript,2.0
Liechtenstein,Bash/Shell/PowerShell,1.0
Liechtenstein,Java,1.0
Liechtenstein,Kotlin,1.0
Liechtenstein,SQL,1.0
Lithuania,Assembly,13.0
Lithuania,Bash/Shell/PowerShell,34.0
Lithuania,C,17.0
Lithuania,C#,49.0
Lithuania,C++,24.0
Lithuania,Dart,10.0
Lithuania,Go,36.0
Lithuania,HTML/CSS,55.0
Lithuania,Haskell,7.0
Lithuania,Java,43.0
Lithuania,JavaScript,72.0
Lithuania,Julia,2.0
Lithuania,Kotlin,22.0
Lithuania,Objective-C,1.0
Lithuania,PHP,23.0
Lithuania,Perl,4.0
Lithuania,Python,61.0
Lithuania,R,4.0
Lithuania,Ruby,10.0
Lithuania,Rust,29.0
Lithuania,SQL,59.0
Lithuania,Scala,11.0
Lithuania,Swift,10.0
Lithuania,TypeScript,64.0
Lithuania,VBA,6.0
Luxembourg,Assembly,5.0
Luxembourg,Bash/Shell/PowerShell,3.0
Luxembourg,C,3.0
Luxembourg,C#,8.0
Luxembourg,C++,8.0
Luxembourg,Dart,1.0
Luxembourg,Go,5.0
Luxembourg,HTML/CSS,13.0
Luxembourg,Haskell,1.0
Luxembourg,Java,14.0
Luxembourg,JavaScript,16.0
Luxembourg,Kotlin,3.0
Luxembourg,PHP,5.0
Luxembourg,Perl,1.0
Luxembourg,Python,15.0
Luxembourg,R,2.0
Luxembourg,Ruby,1.0
Luxembourg,Rust,5.0
Luxembourg,SQL,17.0
Luxembourg,Scala,2.0
Luxembourg,Swift,3.0
Luxembourg,TypeScript,11.0
Madagascar,Bash/Shell/PowerShell,1.0
Madagascar,C,1.0
Madagascar,C#,5.0
Madagascar,C++,4.0
Madagascar,Dart,5.0
Madagascar,Go,4.0
Madagascar,HTML/CSS,9.0
Madagascar,Haskell,1.0
Madagascar,Java,8.0
Madagascar,JavaScript,11.0
Madagascar,Kotlin,2.0
Madagascar,Objective-C,2.0
Madagascar,PHP,6.0
Madagascar,Perl,1.0
Madagascar,Python,12.0
Madagascar,R,1.0
Madagascar,Ruby,3.0
Madagascar,Rust,2.0
Madagascar,SQL,11.0
Madagascar,Swift,1.0
Madagascar,TypeScript,8.0
Madagascar,VBA,1.0
Malawi,Bash/Shell/PowerShell,1.0
Malawi,C#,1.0
Malawi,Dart,2.0
Malawi,HTML/CSS,1.0
Malawi,Java,2.0
Malawi,JavaScript,2.0
Malawi,Python,4.0
Malawi,R,1.0
Malawi,SQL,1.0
Malaysia,Assembly,7.0
Malaysia,Bash/Shell/PowerShell,33.0
Malaysia,C,15.0
Malaysia,C#,51.0
Malaysia,C++,28.0
Malaysia,Dart,32.0
Malaysia,Go,35.0
Malaysia,HTML/CSS,94.0
Malaysia,Haskell,9.0
Malaysia,Java,55.0
Malaysia,JavaScript,111.0
Malaysia,Julia,4.0
Malaysia,Kotlin,38.0
Malaysia,Objective-C,13.0
Malaysia,PHP,49.0
Malaysia,Perl,6.0
Malaysia,Python,95.0
Malaysia,R,18.0
Malaysia,Ruby,18.0
Malaysia,Rust,24.0
Malaysia,SQL,80.0
Malaysia,Scala,12.0
Malaysia,Swift,38.0
Malaysia,TypeScript,63.0
Malaysia,VBA,10.0
Maldives,C#,4.0
Maldives,C++,1.0
Maldives,Dart,4.0
Maldives,Go,2.0
Maldives,HTML/CSS,2.0
Maldives,Java,1.0
Maldives,JavaScript,3.0
Maldives,PHP,3.0
Maldives,Python,4.0
Maldives,R,2.0
Maldives,Rust,2.0
Maldives,SQL,3.0
Maldives,Scala,1.0
Maldives,TypeScript,4.0
Malta,Assembly,1.0
Malta,Bash/Shell/PowerShell,5.0
Malta,C,2.0
Malta,C#,12.0
Malta,C++,3.0
Malta,Dart,2.0
Malta,Go,10.0
Malta,HTML/CSS,19.0
Malta,Haskell,1.0
Malta,Java,12.0
Malta,JavaScript,17.0
Malta,Julia,1.0
Malta,Kotlin,10.0
Malta,Objective-C,2.0
Malta,PHP,5.0
Malta,Perl,1.0
Malta,Python,20.0
Malta,R,3.0
Malta,Ruby,1.0
Malta,Rust,9.0
Malta,SQL,14.0
Malta,Scala,7.0
Malta,Swift,2.0
Malta,TypeScript,14.0
Marshall Islands,Assembly,1.0
Mauritania,Bash/Shell/PowerShell,1.0
Mauritania,C#,1.0
Mauritania,Go,1.0
Mauritania,HTML/CSS,1.0
Mauritania,Haskell,1.0
Mauritania,Java,2.0
Mauritania,JavaScript,2.0
Mauritania,Objective-C,1.0
Mauritania,PHP,3.0
Mauritania,Python,3.0
Mauritania,Ruby,1.0
Mauritania,SQL,2.0
Mauritania,Swift,1.0
Mauritania,TypeScript,1.0
Mauritania,VBA,1.0
Mauritius,Assembly,1.0
Mauritius,Bash/Shell/PowerShell,1.0
Mauritius,C,1.0
Mauritius,C#,3.0
Mauritius,C++,1.0
Mauritius,Go,2.0
Mauritius,HTML/CSS,9.0
Mauritius,Java,5.0
Mauritius,JavaScript,8.0
Mauritius,Kotlin,2.0
Mauritius,Objective-C,2.0
Mauritius,PHP,3.0
Mauritius,Python,3.0
Mauritius,Ruby,2.0
Mauritius,SQL,8.0
Mauritius,Swift,1.0
Mauritius,TypeScript,5.0
Mexico,Assembly,18.0
Mexico,Bash/Shell/PowerShell,76.0
Mexico,C,42.0
Mexico,C#,115.0
Mexico,C++,71.0
Mexico,Dart,72.0
Mexico,Go,142.0
Mexico,HTML/CSS,205.0
Mexico,Haskell,34.0
Mexico,Java,126.0
Mexico,JavaScript,258.0
Mexico,Julia,25.0
Mexico,Kotlin,126.0
Mexico,Objective-C,17.0
Mexico,PHP,99.0
Mexico,Perl,15.0
Mexico,Python,254.0
Mexico,R,54.0
Mexico,Ruby,83.0
Mexico,Rust,67.0
Mexico,SQL,212.0
Mexico,Scala,27.0
Mexico,Swift,71.0
Mexico,TypeScript,167.0
Mexico,VBA,20.0
"Micronesia, Federated States of...",Assembly,1.0
"Micronesia, Federated States of...",Bash/Shell/PowerShell,1.0
"Micronesia, Federated States of...",Dart,1.0
"Micronesia, Federated States of...",Go,1.0
"Micronesia, Federated States of...",HTML/CSS,1.0
"Micronesia, Federated States of...",Haskell,1.0
"Micronesia, Federated States of...",Java,1.0
"Micronesia, Federated States of...",JavaScript,1.0
"Micronesia, Federated States of...",Julia,1.0
"Micronesia, Federated States of...",Kotlin,1.0
"Micronesia, Federated States of...",Objective-C,1.0
"Micronesia, Federated States of...",PHP,1.0
"Micronesia, Federated States of...",Perl,1.0
"Micronesia, Federated States of...",Python,1.0
"Micronesia, Federated States of...",R,1.0
"Micronesia, Federated States of...",Ruby,1.0
"Micronesia, Federated States of...",Rust,1.0
"Micronesia, Federated States of...",SQL,1.0
"Micronesia, Federated States of...",Scala,1.0
"Micronesia, Federated States of...",Swift,1.0
"Micronesia, Federated States of...",TypeScript,1.0
"Micronesia, Federated States of...",VBA,1.0
Monaco,Kotlin,1.0
Monaco,Swift,1.0
Mongolia,Bash/Shell/PowerShell,1.0
Mongolia,C#,2.0
Mongolia,Dart,3.0
Mongolia,Go,1.0
Mongolia,HTML/CSS,2.0
Mongolia,Java,5.0
Mongolia,JavaScript,6.0
Mongolia,Kotlin,3.0
Mongolia,PHP,2.0
Mongolia,Python,4.0
Mongolia,R,1.0
Mongolia,Ruby,2.0
Mongolia,Rust,1.0
Mongolia,SQL,2.0
Mongolia,Swift,1.0
Mongolia,TypeScript,3.0
Montenegro,Assembly,1.0
Montenegro,Bash/Shell/PowerShell,3.0
Montenegro,C,2.0
Montenegro,C#,3.0
Montenegro,C++,2.0
Montenegro,Go,2.0
Montenegro,HTML/CSS,6.0
Montenegro,Java,1.0
Montenegro,JavaScript,5.0
Montenegro,Julia,1.0
Montenegro,Kotlin,1.0
Montenegro,PHP,3.0
Montenegro,Python,8.0
Montenegro,R,1.0
Montenegro,Rust,2.0
Montenegro,SQL,5.0
Montenegro,Swift,1.0
Montenegro,TypeScript,3.0
Morocco,Assembly,9.0
Morocco,Bash/Shell/PowerShell,17.0
Morocco,C,15.0
Morocco,C#,31.0
Morocco,C++,24.0
Morocco,Dart,28.0
Morocco,Go,29.0
Morocco,HTML/CSS,64.0
Morocco,Haskell,8.0
Morocco,Java,56.0
Morocco,JavaScript,83.0
Morocco,Julia,4.0
Morocco,Kotlin,28.0
Morocco,Objective-C,7.0
Morocco,PHP,44.0
Morocco,Perl,4.0
Morocco,Python,70.0
Morocco,R,18.0
Morocco,Ruby,13.0
Morocco,Rust,15.0
Morocco,SQL,61.0
Morocco,Scala,14.0
Morocco,Swift,19.0
Morocco,TypeScript,50.0
Morocco,VBA,6.0
Mozambique,C#,2.0
Mozambique,HTML/CSS,2.0
Mozambique,Java,5.0
Mozambique,JavaScript,4.0
Mozambique,Kotlin,4.0
Mozambique,PHP,4.0
Mozambique,Python,3.0
Mozambique,SQL,5.0
Mozambique,Scala,1.0
Mozambique,Swift,1.0
Mozambique,TypeScript,1.0
Myanmar,Assembly,4.0
Myanmar,Bash/Shell/PowerShell,6.0
Myanmar,C,9.0
Myanmar,C#,5.0
Myanmar,C++,6.0
Myanmar,Dart,9.0
Myanmar,Go,8.0
Myanmar,HTML/CSS,16.0
Myanmar,Haskell,3.0
Myanmar,Java,16.0
Myanmar,JavaScript,22.0
Myanmar,Julia,3.0
Myanmar,Kotlin,10.0
Myanmar,Objective-C,1.0
Myanmar,PHP,10.0
Myanmar,Perl,2.0
Myanmar,Python,22.0
Myanmar,R,1.0
Myanmar,Ruby,6.0
Myanmar,Rust,4.0
Myanmar,SQL,12.0
Myanmar,Scala,1.0
Myanmar,Swift,5.0
Myanmar,TypeScript,15.0
Myanmar,VBA,2.0
Namibia,C#,1.0
Namibia,C++,1.0
Namibia,Dart,2.0
Namibia,Go,1.0
Namibia,HTML/CSS,1.0
Namibia,Haskell,1.0
Namibia,Java,2.0
Namibia,JavaScript,1.0
Namibia,Kotlin,2.0
Namibia,PHP,1.0
Namibia,Python,1.0
Namibia,Ruby,1.0
Namibia,Rust,1.0
Namibia,SQL,1.0
Namibia,Scala,1.0
Namibia,TypeScript,1.0
Nauru,HTML/CSS,1.0
Nauru,JavaScript,1.0
Nauru,SQL,1.0
Nauru,VBA,1.0
Nepal,Assembly,3.0
Nepal,Bash/Shell/PowerShell,32.0
Nepal,C,19.0
Nepal,C#,35.0
Nepal,C++,29.0
Nepal,Dart,36.0
Nepal,Go,49.0
Nepal,HTML/CSS,76.0
Nepal,Haskell,9.0
Nepal,Java,62.0
Nepal,JavaScript,115.0
Nepal,Julia,7.0
Nepal,Kotlin,30.0
Nepal,Objective-C,6.0
Nepal,PHP,39.0
Nepal,Perl,6.0
Nepal,Python,115.0
Nepal,R,24.0
Nepal,Ruby,29.0
Nepal,Rust,33.0
Nepal,SQL,68.0
Nepal,Scala,13.0
Nepal,Swift,23.0
Nepal,TypeScript,66.0
Nepal,VBA,3.0
Netherlands,Assembly,54.0
Netherlands,Bash/Shell/PowerShell,301.0
Netherlands,C,121.0
Netherlands,C#,376.0
Netherlands,C++,205.0
Netherlands,Dart,58.0
Netherlands,Go,256.0
Netherlands,HTML/CSS,488.0
Netherlands,Haskell,81.0
Netherlands,Java,267.0
Netherlands,JavaScript,546.0
Netherlands,Julia,42.0
Netherlands,Kotlin,202.0
Netherlands,Objective-C,20.0
Netherlands,PHP,174.0
Netherlands,Perl,12.0
Netherlands,Python,501.0
Netherlands,R,74.0
Netherlands,Ruby,62.0
Netherlands,Rust,259.0
Netherlands,SQL,455.0
Netherlands,Scala,70.0
Netherlands,Swift,85.0
Netherlands,TypeScript,433.0
Netherlands,VBA,12.0
New Zealand,Assembly,20.0
New Zealand,Bash/Shell/PowerShell,73.0
New Zealand,C,40.0
New Zealand,C#,118.0
New Zealand,C++,60.0
New Zealand,Dart,17.0
New Zealand,Go,58.0
New Zealand,HTML/CSS,128.0
New Zealand,Haskell,22.0
New Zealand,Java,46.0
New Zealand,JavaScript,146.0
New Zealand,Julia,11.0
New Zealand,Kotlin,39.0
New Zealand,Objective-C,5.0
New Zealand,PHP,36.0
New Zealand,Perl,2.0
New Zealand,Python,134.0
New Zealand,R,22.0
New Zealand,Ruby,28.0
New Zealand,Rust,69.0
New Zealand,SQL,107.0
New Zealand,Scala,9.0
New Zealand,Swift,31.0
New Zealand,TypeScript,96.0
New Zealand,VBA,9.0
Nicaragua,Bash/Shell/PowerShell,4.0
Nicaragua,C,1.0
Nicaragua,C#,8.0
Nicaragua,C++,3.0
Nicaragua,Dart,5.0
Nicaragua,Go,9.0
Nicaragua,HTML/CSS,13.0
Nicaragua,Java,5.0
Nicaragua,JavaScript,16.0
Nicaragua,Kotlin,6.0
Nicaragua,Objective-C,2.0
Nicaragua,PHP,7.0
Nicaragua,Perl,1.0
Nicaragua,Python,20.0
Nicaragua,R,3.0
Nicaragua,Ruby,9.0
Nicaragua,Rust,1.0
Nicaragua,SQL,11.0
Nicaragua,Swift,4.0
Nicaragua,TypeScript,11.0
Nicaragua,VBA,3.0
Niger,Dart,1.0
Niger,HTML/CSS,1.0
Niger,Java,1.0
Niger,JavaScript,2.0
Niger,Kotlin,1.0
Niger,PHP,1.0
Niger,Python,2.0
Niger,SQL,1.0
Niger,TypeScript,1.0
Nigeria,Assembly,26.0
Nigeria,Bash/Shell/PowerShell,46.0
Nigeria,C,41.0
Nigeria,C#,103.0
Nigeria,C++,82.0
Nigeria,Dart,95.0
Nigeria,Go,90.0
Nigeria,HTML/CSS,202.0
Nigeria,Haskell,12.0
Nigeria,Java,129.0
Nigeria,JavaScript,273.0
Nigeria,Julia,14.0
Nigeria,Kotlin,106.0
Nigeria,Objective-C,21.0
Nigeria,PHP,134.0
Nigeria,Perl,15.0
Nigeria,Python,272.0
Nigeria,R,41.0
Nigeria,Ruby,47.0
Nigeria,Rust,34.0
Nigeria,SQL,184.0
Nigeria,Scala,18.0
Nigeria,Swift,57.0
Nigeria,TypeScript,134.0
Nigeria,VBA,15.0
Nomadic,Assembly,3.0
Nomadic,Bash/Shell/PowerShell,8.0
Nomadic,C,4.0
Nomadic,C#,8.0
Nomadic,C++,6.0
Nomadic,Dart,3.0
Nomadic,Go,6.0
Nomadic,HTML/CSS,7.0
Nomadic,Haskell,2.0
Nomadic,Java,3.0
Nomadic,JavaScript,12.0
Nomadic,Julia,4.0
Nomadic,Kotlin,6.0
Nomadic,Objective-C,1.0
Nomadic,PHP,4.0
Nomadic,Perl,1.0
Nomadic,Python,7.0
Nomadic,R,3.0
Nomadic,Ruby,2.0
Nomadic,Rust,4.0
Nomadic,SQL,8.0
Nomadic,Scala,1.0
Nomadic,Swift,3.0
Nomadic,TypeScript,6.0
Nomadic,VBA,1.0
Norway,Assembly,17.0
Norway,Bash/Shell/PowerShell,100.0
Norway,C,40.0
Norway,C#,116.0
Norway,C++,55.0
Norway,Dart,25.0
Norway,Go,83.0
Norway,HTML/CSS,125.0
Norway,Haskell,28.0
Norway,Java,67.0
Norway,JavaScript,157.0
Norway,Julia,11.0
Norway,Kotlin,76.0
Norway,Objective-C,3.0
Norway,PHP,23.0
Norway,Perl,2.0
Norway,Python,157.0
Norway,R,19.0
Norway,Ruby,12.0
Norway,Rust,83.0
Norway,SQL,127.0
Norway,Scala,16.0
Norway,Swift,40.0
Norway,TypeScript,132.0
Norway,VBA,3.0
Oman,Assembly,1.0
Oman,Bash/Shell/PowerShell,1.0
Oman,C#,1.0
Oman,Go,1.0
Oman,HTML/CSS,3.0
Oman,Java,3.0
Oman,JavaScript,5.0
Oman,Kotlin,1.0
Oman,Objective-C,1.0
Oman,PHP,3.0
Oman,Perl,1.0
Oman,Python,7.0
Oman,R,1.0
Oman,Ruby,1.0
Oman,SQL,4.0
Oman,Swift,2.0
Oman,TypeScript,4.0
Pakistan,Assembly,25.0
Pakistan,Bash/Shell/PowerShell,52.0
Pakistan,C,45.0
Pakistan,C#,144.0
Pakistan,C++,89.0
Pakistan,Dart,100.0
Pakistan,Go,103.0
Pakistan,HTML/CSS,248.0
Pakistan,Haskell,12.0
Pakistan,Java,180.0
Pakistan,JavaScript,356.0
Pakistan,Julia,13.0
Pakistan,Kotlin,121.0
Pakistan,Objective-C,24.0
Pakistan,PHP,150.0
Pakistan,Perl,10.0
Pakistan,Python,364.0
Pakistan,R,58.0
Pakistan,Ruby,63.0
Pakistan,Rust,52.0
Pakistan,SQL,242.0
Pakistan,Scala,22.0
Pakistan,Swift,87.0
Pakistan,TypeScript,176.0
Pakistan,VBA,14.0
Panama,Bash/Shell/PowerShell,3.0
Panama,C,1.0
Panama,C#,7.0
Panama,C++,1.0
Panama,Dart,5.0
Panama,Go,6.0
Panama,HTML/CSS,12.0
Panama,Haskell,1.0
Panama,Java,8.0
Panama,JavaScript,13.0
Panama,Julia,1.0
Panama,Kotlin,3.0
Panama,Objective-C,1.0
Panama,PHP,8.0
Panama,Perl,1.0
Panama,Python,12.0
Panama,R,3.0
Panama,Ruby,6.0
Panama,Rust,1.0
Panama,SQL,11.0
Panama,Swift,3.0
Panama,TypeScript,12.0
Papua New Guinea,C#,1.0
Papua New Guinea,HTML/CSS,2.0
Papua New Guinea,Java,1.0
Papua New Guinea,JavaScript,2.0
Papua New Guinea,PHP,2.0
Papua New Guinea,Python,1.0
Papua New Guinea,SQL,1.0
Paraguay,Bash/Shell/PowerShell,1.0
Paraguay,C,1.0
Paraguay,C#,3.0
Paraguay,Dart,6.0
Paraguay,Go,7.0
Paraguay,HTML/CSS,11.0
Paraguay,Java,8.0
Paraguay,JavaScript,18.0
Paraguay,Julia,2.0
Paraguay,Kotlin,6.0
Paraguay,Objective-C,3.0
Paraguay,PHP,6.0
Paraguay,Perl,1.0
Paraguay,Python,12.0
Paraguay,R,2.0
Paraguay,Rust,1.0
Paraguay,SQL,10.0
Paraguay,Swift,6.0
Paraguay,TypeScript,8.0
Peru,Assembly,3.0
Peru,Bash/Shell/PowerShell,13.0
Peru,C,5.0
Peru,C#,19.0
Peru,C++,15.0
Peru,Dart,19.0
Peru,Go,21.0
Peru,HTML/CSS,35.0
Peru,Haskell,5.0
Peru,Java,24.0
Peru,JavaScript,50.0
Peru,Julia,2.0
Peru,Kotlin,27.0
Peru,Objective-C,1.0
Peru,PHP,17.0
Peru,Perl,2.0
Peru,Python,45.0
Peru,R,10.0
Peru,Ruby,8.0
Peru,Rust,19.0
Peru,SQL,34.0
Peru,Scala,5.0
Peru,Swift,14.0
Peru,TypeScript,38.0
Peru,VBA,3.0
Philippines,Assembly,17.0
Philippines,Bash/Shell/PowerShell,56.0
Philippines,C,23.0
Philippines,C#,76.0
Philippines,C++,47.0
Philippines,Dart,43.0
Philippines,Go,66.0
Philippines,HTML/CSS,138.0
Philippines,Haskell,19.0
Philippines,Java,101.0
Philippines,JavaScript,165.0
Philippines,Julia,20.0
Philippines,Kotlin,93.0
Philippines,Objective-C,33.0
Philippines,PHP,98.0
Philippines,Perl,24.0
Philippines,Python,176.0
Philippines,R,41.0
Philippines,Ruby,67.0
Philippines,Rust,38.0
Philippines,SQL,122.0
Philippines,Scala,25.0
Philippines,Swift,62.0
Philippines,TypeScript,100.0
Philippines,VBA,25.0
Poland,Assembly,57.0
Poland,Bash/Shell/PowerShell,266.0
Poland,C,110.0
Poland,C#,277.0
Poland,C++,205.0
Poland,Dart,66.0
Poland,Go,210.0
Poland,HTML/CSS,379.0
Poland,Haskell,88.0
Poland,Java,284.0
Poland,JavaScript,483.0
Poland,Julia,26.0
Poland,Kotlin,224.0
Poland,Objective-C,12.0
Poland,PHP,114.0
Poland,Perl,14.0
Poland,Python,503.0
Poland,R,49.0
Poland,Ruby,62.0
Poland,Rust,237.0
Poland,SQL,395.0
Poland,Scala,94.0
Poland,Swift,61.0
Poland,TypeScript,388.0
Poland,VBA,10.0
Portugal,Assembly,8.0
Portugal,Bash/Shell/PowerShell,64.0
Portugal,C,38.0
Portugal,C#,84.0
Portugal,C++,49.0
Portugal,Dart,25.0
Portugal,Go,69.0
Portugal,HTML/CSS,136.0
Portugal,Haskell,9.0
Portugal,Java,74.0
Portugal,JavaScript,180.0
Portugal,Julia,9.0
Portugal,Kotlin,64.0
Portugal,Objective-C,7.0
Portugal,PHP,47.0
Portugal,Python,158.0
Portugal,R,19.0
Portugal,Ruby,24.0
Portugal,Rust,60.0
Portugal,SQL,132.0
Portugal,Scala,23.0
Portugal,Swift,27.0
Portugal,TypeScript,117.0
Portugal,VBA,4.0
Qatar,Bash/Shell/PowerShell,1.0
Qatar,C,2.0
Qatar,C#,2.0
Qatar,C++,3.0
Qatar,Dart,4.0
Qatar,Go,6.0
Qatar,HTML/CSS,6.0
Qatar,Haskell,3.0
Qatar,Java,4.0
Qatar,JavaScript,10.0
Qatar,Julia,1.0
Qatar,Kotlin,2.0
Qatar,Objective-C,2.0
Qatar,PHP,7.0
Qatar,Perl,1.0
Qatar,Python,10.0
Qatar,R,4.0
Qatar,Ruby,1.0
Qatar,Rust,3.0
Qatar,SQL,7.0
Qatar,Scala,2.0
Qatar,Swift,2.0
Qatar,TypeScript,7.0
Republic of Korea,Assembly,3.0
Republic of Korea,Bash/Shell/PowerShell,11.0
Republic of Korea,C,13.0
Republic of Korea,C#,13.0
Republic of Korea,C++,17.0
Republic of Korea,Dart,6.0
Republic of Korea,Go,17.0
Republic of Korea,HTML/CSS,19.0
Republic of Korea,Haskell,4.0
Republic of Korea,Java,21.0
Republic of Korea,JavaScript,32.0
Republic of Korea,Kotlin,13.0
Republic of Korea,Objective-C,1.0
Republic of Korea,PHP,2.0
Republic of Korea,Perl,1.0
Republic of Korea,Python,34.0
Republic of Korea,R,2.0
Republic of Korea,Ruby,2.0
Republic of Korea,Rust,20.0
Republic of Korea,SQL,22.0
Republic of Korea,Scala,4.0
Republic of Korea,Swift,11.0
Republic of Korea,TypeScript,25.0
Republic of Korea,VBA,1.0
Republic of Moldova,Bash/Shell/PowerShell,5.0
Republic of Moldova,C,3.0
Republic of Moldova,C#,9.0
Republic of Moldova,C++,5.0
Republic of Moldova,Dart,2.0
Republic of Moldova,Go,10.0
Republic of Moldova,HTML/CSS,13.0
Republic of Moldova,Haskell,2.0
Republic of Moldova,Java,18.0
Republic of Moldova,JavaScript,18.0
Republic of Moldova,Kotlin,8.0
Republic of Moldova,Objective-C,2.0
Republic of Moldova,PHP,10.0
Republic of Moldova,Python,12.0
Republic of Moldova,R,1.0
Republic of Moldova,Ruby,4.0
Republic of Moldova,Rust,5.0
Republic of Moldova,SQL,18.0
Republic of Moldova,Scala,3.0
Republic of Moldova,Swift,8.0
Republic of Moldova,TypeScript,12.0
Republic of Moldova,VBA,1.0
Romania,Assembly,20.0
Romania,Bash/Shell/PowerShell,111.0
Romania,C,57.0
Romania,C#,140.0
Romania,C++,108.0
Romania,Dart,36.0
Romania,Go,98.0
Romania,HTML/CSS,209.0
Romania,Haskell,28.0
Romania,Java,137.0
Romania,JavaScript,265.0
Romania,Julia,8.0
Romania,Kotlin,69.0
Romania,Objective-C,7.0
Romania,PHP,83.0
Romania,Perl,12.0
Romania,Python,243.0
Romania,R,22.0
Romania,Ruby,30.0
Romania,Rust,59.0
Romania,SQL,195.0
Romania,Scala,25.0
Romania,Swift,44.0
Romania,TypeScript,159.0
Romania,VBA,7.0
Russian Federation,Assembly,37.0
Russian Federation,Bash/Shell/PowerShell,180.0
Russian Federation,C,105.0
Russian Federation,C#,236.0
Russian Federation,C++,189.0
Russian Federation,Dart,67.0
Russian Federation,Go,204.0
Russian Federation,HTML/CSS,272.0
Russian Federation,Haskell,81.0
Russian Federation,Java,201.0
Russian Federation,JavaScript,345.0
Russian Federation,Julia,25.0
Russian Federation,Kotlin,206.0
Russian Federation,Objective-C,24.0
Russian Federation,PHP,95.0
Russian Federation,Perl,21.0
Russian Federation,Python,369.0
Russian Federation,R,47.0
Russian Federation,Ruby,57.0
Russian Federation,Rust,207.0
Russian Federation,SQL,317.0
Russian Federation,Scala,78.0
Russian Federation,Swift,95.0
Russian Federation,TypeScript,247.0
Russian Federation,VBA,9.0
Rwanda,Assembly,2.0
Rwanda,Bash/Shell/PowerShell,5.0
Rwanda,C,1.0
Rwanda,C#,2.0
Rwanda,C++,1.0
Rwanda,Dart,5.0
Rwanda,Go,7.0
Rwanda,HTML/CSS,12.0
Rwanda,Haskell,2.0
Rwanda,Java,12.0
Rwanda,JavaScript,18.0
Rwanda,Julia,1.0
Rwanda,Kotlin,8.0
Rwanda,Objective-C,2.0
Rwanda,PHP,7.0
Rwanda,Perl,2.0
Rwanda,Python,12.0
Rwanda,R,6.0
Rwanda,Ruby,6.0
Rwanda,Rust,3.0
Rwanda,SQL,11.0
Rwanda,Scala,3.0
Rwanda,Swift,7.0
Rwanda,TypeScript,8.0
Saint Lucia,C#,1.0
Saint Lucia,C++,1.0
Saint Lucia,SQL,1.0
Saint Lucia,Swift,1.0
Saint Lucia,TypeScript,1.0
Saint Vincent and the Grenadines,Bash/Shell/PowerShell,1.0
Saint Vincent and the Grenadines,C#,1.0
Saint Vincent and the Grenadines,JavaScript,1.0
Saint Vincent and the Grenadines,SQL,1.0
Saint Vincent and the Grenadines,TypeScript,1.0
Saint Vincent and the Grenadines,VBA,1.0
San Marino,Go,1.0
San Marino,Haskell,1.0
San Marino,Kotlin,1.0
San Marino,Ruby,1.0
San Marino,Rust,1.0
San Marino,Swift,1.0
San Marino,TypeScript,1.0
Saudi Arabia,Assembly,7.0
Saudi Arabia,Bash/Shell/PowerShell,8.0
Saudi Arabia,C,9.0
Saudi Arabia,C#,22.0
Saudi Arabia,C++,12.0
Saudi Arabia,Dart,12.0
Saudi Arabia,Go,5.0
Saudi Arabia,HTML/CSS,28.0
Saudi Arabia,Haskell,2.0
Saudi Arabia,Java,22.0
Saudi Arabia,JavaScript,35.0
Saudi Arabia,Julia,5.0
Saudi Arabia,Kotlin,16.0
Saudi Arabia,Objective-C,3.0
Saudi Arabia,PHP,15.0
Saudi Arabia,Perl,2.0
Saudi Arabia,Python,27.0
Saudi Arabia,R,7.0
Saudi Arabia,Ruby,4.0
Saudi Arabia,Rust,6.0
Saudi Arabia,SQL,23.0
Saudi Arabia,Scala,4.0
Saudi Arabia,Swift,9.0
Saudi Arabia,TypeScript,24.0
Saudi Arabia,VBA,6.0
Senegal,Assembly,3.0
Senegal,Bash/Shell/PowerShell,3.0
Senegal,C,2.0
Senegal,C#,4.0
Senegal,C++,6.0
Senegal,Dart,6.0
Senegal,Go,5.0
Senegal,HTML/CSS,6.0
Senegal,Haskell,2.0
Senegal,Java,5.0
Senegal,JavaScript,12.0
Senegal,Julia,3.0
Senegal,Kotlin,5.0
Senegal,Objective-C,2.0
Senegal,PHP,4.0
Senegal,Perl,2.0
Senegal,Python,3.0
Senegal,Ruby,2.0
Senegal,Rust,2.0
Senegal,SQL,7.0
Senegal,Scala,2.0
Senegal,Swift,4.0
Senegal,TypeScript,5.0
Senegal,VBA,1.0
Serbia,Assembly,8.0
Serbia,Bash/Shell/PowerShell,46.0
Serbia,C,16.0
Serbia,C#,81.0
Serbia,C++,49.0
Serbia,Dart,14.0
Serbia,Go,56.0
Serbia,HTML/CSS,94.0
Serbia,Haskell,8.0
Serbia,Java,59.0
Serbia,JavaScript,114.0
Serbia,Julia,3.0
Serbia,Kotlin,39.0
Serbia,Objective-C,6.0
Serbia,PHP,43.0
Serbia,Python,102.0
Serbia,R,15.0
Serbia,Ruby,15.0
Serbia,Rust,42.0
Serbia,SQL,100.0
Serbia,Scala,16.0
Serbia,Swift,18.0
Serbia,TypeScript,85.0
Serbia,VBA,1.0
Sierra Leone,Assembly,1.0
Sierra Leone,C++,2.0
Sierra Leone,Go,1.0
Sierra Leone,Java,3.0
Sierra Leone,JavaScript,1.0
Sierra Leone,Kotlin,2.0
Sierra Leone,PHP,1.0
Sierra Leone,Python,2.0
Sierra Leone,Rust,1.0
Sierra Leone,Swift,1.0
Singapore,Assembly,9.0
Singapore,Bash/Shell/PowerShell,33.0
Singapore,C,20.0
Singapore,C#,28.0
Singapore,C++,23.0
Singapore,Dart,24.0
Singapore,Go,61.0
Singapore,HTML/CSS,66.0
Singapore,Haskell,16.0
Singapore,Java,44.0
Singapore,JavaScript,96.0
Singapore,Julia,6.0
Singapore,Kotlin,39.0
Singapore,Objective-C,9.0
Singapore,PHP,21.0
Singapore,Perl,3.0
Singapore,Python,106.0
Singapore,R,16.0
Singapore,Ruby,16.0
Singapore,Rust,44.0
Singapore,SQL,63.0
Singapore,Scala,14.0
Singapore,Swift,22.0
Singapore,TypeScript,58.0
Singapore,VBA,4.0
Slovakia,Assembly,11.0
Slovakia,Bash/Shell/PowerShell,42.0
Slovakia,C,22.0
Slovakia,C#,52.0
Slovakia,C++,31.0
Slovakia,Dart,11.0
Slovakia,Go,23.0
Slovakia,HTML/CSS,58.0
Slovakia,Haskell,6.0
Slovakia,Java,31.0
Slovakia,JavaScript,68.0
Slovakia,Julia,4.0
Slovakia,Kotlin,25.0
Slovakia,Objective-C,4.0
Slovakia,PHP,24.0
Slovakia,Perl,2.0
Slovakia,Python,62.0
Slovakia,R,8.0
Slovakia,Ruby,3.0
Slovakia,Rust,22.0
Slovakia,SQL,66.0
Slovakia,Scala,11.0
Slovakia,Swift,8.0
Slovakia,TypeScript,51.0
Slovakia,VBA,5.0
Slovenia,Assembly,6.0
Slovenia,Bash/Shell/PowerShell,26.0
Slovenia,C,23.0
Slovenia,C#,35.0
Slovenia,C++,25.0
Slovenia,Dart,13.0
Slovenia,Go,35.0
Slovenia,HTML/CSS,47.0
Slovenia,Haskell,6.0
Slovenia,Java,36.0
Slovenia,JavaScript,69.0
Slovenia,Julia,5.0
Slovenia,Kotlin,27.0
Slovenia,Objective-C,5.0
Slovenia,PHP,19.0
Slovenia,Perl,3.0
Slovenia,Python,56.0
Slovenia,R,6.0
Slovenia,Ruby,7.0
Slovenia,Rust,21.0
Slovenia,SQL,63.0
Slovenia,Scala,6.0
Slovenia,Swift,11.0
Slovenia,TypeScript,47.0
Slovenia,VBA,1.0
Solomon Islands,Dart,1.0
Solomon Islands,HTML/CSS,1.0
Solomon Islands,JavaScript,1.0
Solomon Islands,PHP,1.0
Solomon Islands,Python,1.0
Solomon Islands,R,1.0
Solomon Islands,Ruby,1.0
Solomon Islands,SQL,1.0
Solomon Islands,Swift,1.0
Somalia,Assembly,1.0
Somalia,Bash/Shell/PowerShell,2.0
Somalia,C,1.0
Somalia,C#,3.0
Somalia,C++,2.0
Somalia,Dart,3.0
Somalia,Go,4.0
Somalia,HTML/CSS,5.0
Somalia,Haskell,2.0
Somalia,Java,4.0
Somalia,JavaScript,7.0
Somalia,Julia,1.0
Somalia,Kotlin,3.0
Somalia,Objective-C,1.0
Somalia,PHP,8.0
Somalia,Perl,3.0
Somalia,Python,6.0
Somalia,R,1.0
Somalia,Ruby,3.0
Somalia,Rust,2.0
Somalia,SQL,7.0
Somalia,Scala,1.0
Somalia,Swift,2.0
Somalia,TypeScript,3.0
South Africa,Assembly,19.0
South Africa,Bash/Shell/PowerShell,64.0
South Africa,C,25.0
South Africa,C#,142.0
South Africa,C++,74.0
South Africa,Dart,48.0
South Africa,Go,83.0
South Africa,HTML/CSS,184.0
South Africa,Haskell,9.0
South Africa,Java,109.0
South Africa,JavaScript,219.0
South Africa,Julia,15.0
South Africa,Kotlin,77.0
South Africa,Objective-C,12.0
South Africa,PHP,66.0
South Africa,Perl,8.0
South Africa,Python,194.0
South Africa,R,39.0
South Africa,Ruby,29.0
South Africa,Rust,45.0
South Africa,SQL,173.0
South Africa,Scala,15.0
South Africa,Swift,35.0
South Africa,TypeScript,112.0
South Africa,VBA,15.0
South Korea,Assembly,6.0
South Korea,Bash/Shell/PowerShell,29.0
South Korea,C,27.0
South Korea,C#,32.0
South Korea,C++,41.0
South Korea,Dart,16.0
South Korea,Go,54.0
South Korea,HTML/CSS,42.0
South Korea,Haskell,4.0
South Korea,Java,42.0
South Korea,JavaScript,69.0
South Korea,Julia,2.0
South Korea,Kotlin,49.0
South Korea,Objective-C,10.0
South Korea,PHP,7.0
South Korea,Perl,1.0
South Korea,Python,82.0
South Korea,R,11.0
South Korea,Ruby,7.0
South Korea,Rust,37.0
South Korea,SQL,50.0
South Korea,Scala,14.0
South Korea,Swift,30.0
South Korea,TypeScript,60.0
South Korea,VBA,2.0
Spain,Assembly,38.0
Spain,Bash/Shell/PowerShell,195.0
Spain,C,107.0
Spain,C#,215.0
Spain,C++,161.0
Spain,Dart,72.0
Spain,Go,230.0
Spain,HTML/CSS,372.0
Spain,Haskell,48.0
Spain,Java,279.0
Spain,JavaScript,476.0
Spain,Julia,21.0
Spain,Kotlin,213.0
Spain,Objective-C,20.0
Spain,PHP,117.0
Spain,Perl,14.0
Spain,Python,494.0
Spain,R,72.0
Spain,Ruby,72.0
Spain,Rust,194.0
Spain,SQL,345.0
Spain,Scala,88.0
Spain,Swift,87.0
Spain,TypeScript,306.0
Spain,VBA,14.0
Sri Lanka,Assembly,17.0
Sri Lanka,Bash/Shell/PowerShell,41.0
Sri Lanka,C,21.0
Sri Lanka,C#,57.0
Sri Lanka,C++,38.0
Sri Lanka,Dart,49.0
Sri Lanka,Go,61.0
Sri Lanka,HTML/CSS,102.0
Sri Lanka,Haskell,12.0
Sri Lanka,Java,92.0
Sri Lanka,JavaScript,130.0
Sri Lanka,Julia,7.0
Sri Lanka,Kotlin,50.0
Sri Lanka,Objective-C,17.0
Sri Lanka,PHP,56.0
Sri Lanka,Perl,10.0
Sri Lanka,Python,126.0
Sri Lanka,R,33.0
Sri Lanka,Ruby,28.0
Sri Lanka,Rust,26.0
Sri Lanka,SQL,111.0
Sri Lanka,Scala,19.0
Sri Lanka,Swift,29.0
Sri Lanka,TypeScript,99.0
Sri Lanka,VBA,8.0
Sudan,Bash/Shell/PowerShell,3.0
Sudan,C,2.0
Sudan,C#,3.0
Sudan,C++,3.0
Sudan,Dart,6.0
Sudan,Go,3.0
Sudan,HTML/CSS,8.0
Sudan,Haskell,1.0
Sudan,Java,10.0
Sudan,JavaScript,16.0
Sudan,Julia,1.0
Sudan,Kotlin,7.0
Sudan,Objective-C,1.0
Sudan,PHP,12.0
Sudan,Perl,1.0
Sudan,Python,14.0
Sudan,R,3.0
Sudan,Ruby,4.0
Sudan,SQL,10.0
Sudan,Swift,2.0
Sudan,TypeScript,6.0
Sudan,VBA,4.0
Swaziland,C,1.0
Swaziland,HTML/CSS,3.0
Swaziland,Java,3.0
Swaziland,JavaScript,3.0
Swaziland,Kotlin,3.0
Swaziland,PHP,4.0
Swaziland,Python,4.0
Swaziland,R,1.0
Swaziland,Rust,1.0
Swaziland,SQL,3.0
Swaziland,Swift,1.0
Swaziland,VBA,1.0
Sweden,Assembly,40.0
Sweden,Bash/Shell/PowerShell,186.0
Sweden,C,90.0
Sweden,C#,243.0
Sweden,C++,150.0
Sweden,Dart,42.0
Sweden,Go,164.0
Sweden,HTML/CSS,244.0
Sweden,Haskell,58.0
Sweden,Java,151.0
Sweden,JavaScript,295.0
Sweden,Julia,27.0
Sweden,Kotlin,121.0
Sweden,Objective-C,16.0
Sweden,PHP,43.0
Sweden,Perl,14.0
Sweden,Python,309.0
Sweden,R,47.0
Sweden,Ruby,40.0
Sweden,Rust,199.0
Sweden,SQL,218.0
Sweden,Scala,46.0
Sweden,Swift,65.0
Sweden,TypeScript,234.0
Sweden,VBA,9.0
Switzerland,Assembly,24.0
Switzerland,Bash/Shell/PowerShell,147.0
Switzerland,C,66.0
Switzerland,C#,179.0
Switzerland,C++,114.0
Switzerland,Dart,35.0
Switzerland,Go,95.0
Switzerland,HTML/CSS,207.0
Switzerland,Haskell,47.0
Switzerland,Java,162.0
Switzerland,JavaScript,230.0
Switzerland,Julia,16.0
Switzerland,Kotlin,104.0
Switzerland,Objective-C,9.0
Switzerland,PHP,66.0
Switzerland,Perl,17.0
Switzerland,Python,247.0
Switzerland,R,44.0
Switzerland,Ruby,33.0
Switzerland,Rust,137.0
Switzerland,SQL,214.0
Switzerland,Scala,49.0
Switzerland,Swift,45.0
Switzerland,TypeScript,194.0
Switzerland,VBA,11.0
Syrian Arab Republic,Bash/Shell/PowerShell,3.0
Syrian Arab Republic,C,1.0
Syrian Arab Republic,C#,4.0
Syrian Arab Republic,C++,3.0
Syrian Arab Republic,Dart,2.0
Syrian Arab Republic,Go,2.0
Syrian Arab Republic,HTML/CSS,5.0
Syrian Arab Republic,Haskell,1.0
Syrian Arab Republic,Java,4.0
Syrian Arab Republic,JavaScript,6.0
Syrian Arab Republic,Julia,2.0
Syrian Arab Republic,Kotlin,4.0
Syrian Arab Republic,PHP,3.0
Syrian Arab Republic,Perl,2.0
Syrian Arab Republic,Python,6.0
Syrian Arab Republic,R,1.0
Syrian Arab Republic,Ruby,1.0
Syrian Arab Republic,Rust,2.0
Syrian Arab Republic,SQL,7.0
Syrian Arab Republic,Swift,3.0
Syrian Arab Republic,TypeScript,1.0
Syrian Arab Republic,VBA,1.0
Taiwan,Assembly,7.0
Taiwan,Bash/Shell/PowerShell,25.0
Taiwan,C,15.0
Taiwan,C#,31.0
Taiwan,C++,33.0
Taiwan,Dart,12.0
Taiwan,Go,44.0
Taiwan,HTML/CSS,43.0
Taiwan,Haskell,7.0
Taiwan,Java,36.0
Taiwan,JavaScript,61.0
Taiwan,Julia,9.0
Taiwan,Kotlin,21.0
Taiwan,Objective-C,10.0
Taiwan,PHP,18.0
Taiwan,Perl,4.0
Taiwan,Python,71.0
Taiwan,R,14.0
Taiwan,Ruby,6.0
Taiwan,Rust,20.0
Taiwan,SQL,41.0
Taiwan,Scala,8.0
Taiwan,Swift,20.0
Taiwan,TypeScript,34.0
Taiwan,VBA,3.0
Tajikistan,C#,1.0
Tajikistan,HTML/CSS,2.0
Tajikistan,JavaScript,2.0
Tajikistan,Kotlin,1.0
Tajikistan,Python,1.0
Tajikistan,Rust,1.0
Tajikistan,SQL,2.0
Tajikistan,Swift,1.0
Tajikistan,TypeScript,1.0
Thailand,Assembly,8.0
Thailand,Bash/Shell/PowerShell,24.0
Thailand,C,8.0
Thailand,C#,26.0
Thailand,C++,21.0
Thailand,Dart,18.0
Thailand,Go,39.0
Thailand,HTML/CSS,49.0
Thailand,Haskell,8.0
Thailand,Java,27.0
Thailand,JavaScript,52.0
Thailand,Julia,6.0
Thailand,Kotlin,26.0
Thailand,Objective-C,11.0
Thailand,PHP,12.0
Thailand,Perl,7.0
Thailand,Python,45.0
Thailand,R,15.0
Thailand,Ruby,12.0
Thailand,Rust,21.0
Thailand,SQL,34.0
Thailand,Scala,13.0
Thailand,Swift,20.0
Thailand,TypeScript,41.0
Thailand,VBA,4.0
The former Yugoslav Republic of Macedonia,Bash/Shell/PowerShell,1.0
The former Yugoslav Republic of Macedonia,C,2.0
The former Yugoslav Republic of Macedonia,C#,14.0
The former Yugoslav Republic of Macedonia,C++,4.0
The former Yugoslav Republic of Macedonia,Dart,5.0
The former Yugoslav Republic of Macedonia,Go,7.0
The former Yugoslav Republic of Macedonia,HTML/CSS,11.0
The former Yugoslav Republic of Macedonia,Haskell,1.0
The former Yugoslav Republic of Macedonia,Java,5.0
The former Yugoslav Republic of Macedonia,JavaScript,20.0
The former Yugoslav Republic of Macedonia,Kotlin,4.0
The former Yugoslav Republic of Macedonia,Objective-C,1.0
The former Yugoslav Republic of Macedonia,PHP,2.0
The former Yugoslav Republic of Macedonia,Python,12.0
The former Yugoslav Republic of Macedonia,R,1.0
The former Yugoslav Republic of Macedonia,Ruby,1.0
The former Yugoslav Republic of Macedonia,Rust,1.0
The former Yugoslav Republic of Macedonia,SQL,10.0
The former Yugoslav Republic of Macedonia,Scala,2.0
The former Yugoslav Republic of Macedonia,Swift,1.0
The former Yugoslav Republic of Macedonia,TypeScript,12.0
Togo,Bash/Shell/PowerShell,1.0
Togo,C,2.0
Togo,C#,4.0
Togo,C++,5.0
Togo,Dart,6.0
Togo,Go,1.0
Togo,HTML/CSS,6.0
Togo,Java,3.0
Togo,JavaScript,5.0
Togo,Kotlin,4.0
Togo,Objective-C,1.0
Togo,PHP,6.0
Togo,Python,9.0
Togo,Ruby,2.0
Togo,SQL,5.0
Togo,Swift,2.0
Togo,TypeScript,2.0
Trinidad and Tobago,Assembly,2.0
Trinidad and Tobago,Bash/Shell/PowerShell,2.0
Trinidad and Tobago,C,5.0
Trinidad and Tobago,C#,2.0
Trinidad and Tobago,C++,4.0
Trinidad and Tobago,Go,3.0
Trinidad and Tobago,HTML/CSS,4.0
Trinidad and Tobago,Java,1.0
Trinidad and Tobago,JavaScript,4.0
Trinidad and Tobago,Kotlin,1.0
Trinidad and Tobago,Objective-C,1.0
Trinidad and Tobago,PHP,2.0
Trinidad and Tobago,Perl,1.0
Trinidad and Tobago,Python,4.0
Trinidad and Tobago,Ruby,1.0
Trinidad and Tobago,Rust,3.0
Trinidad and Tobago,SQL,4.0
Trinidad and Tobago,Swift,2.0
Trinidad and Tobago,TypeScript,2.0
Trinidad and Tobago,VBA,1.0
Tunisia,Assembly,3.0
Tunisia,Bash/Shell/PowerShell,8.0
Tunisia,C,10.0
Tunisia,C#,16.0
Tunisia,C++,14.0
Tunisia,Dart,11.0
Tunisia,Go,14.0
Tunisia,HTML/CSS,27.0
Tunisia,Haskell,1.0
Tunisia,Java,24.0
Tunisia,JavaScript,41.0
Tunisia,Julia,3.0
Tunisia,Kotlin,15.0
Tunisia,Objective-C,4.0
Tunisia,PHP,20.0
Tunisia,Perl,3.0
Tunisia,Python,43.0
Tunisia,R,5.0
Tunisia,Ruby,7.0
Tunisia,Rust,5.0
Tunisia,SQL,30.0
Tunisia,Scala,7.0
Tunisia,Swift,9.0
Tunisia,TypeScript,26.0
Tunisia,VBA,1.0
Turkey,Assembly,23.0
Turkey,Bash/Shell/PowerShell,92.0
Turkey,C,75.0
Turkey,C#,195.0
Turkey,C++,117.0
Turkey,Dart,96.0
Turkey,Go,206.0
Turkey,HTML/CSS,219.0
Turkey,Haskell,24.0
Turkey,Java,221.0
Turkey,JavaScript,324.0
Turkey,Julia,11.0
Turkey,Kotlin,137.0
Turkey,Objective-C,21.0
Turkey,PHP,76.0
Turkey,Perl,12.0
Turkey,Python,326.0
Turkey,R,34.0
Turkey,Ruby,27.0
Turkey,Rust,71.0
Turkey,SQL,221.0
Turkey,Scala,51.0
Turkey,Swift,75.0
Turkey,TypeScript,176.0
Turkey,VBA,4.0
Turkmenistan,Dart,1.0
Turkmenistan,HTML/CSS,1.0
Turkmenistan,JavaScript,1.0
Turkmenistan,PHP,1.0
Turkmenistan,Python,2.0
Turkmenistan,SQL,1.0
Turkmenistan,Swift,1.0
Uganda,Assembly,3.0
Uganda,Bash/Shell/PowerShell,7.0
Uganda,C,8.0
Uganda,C#,13.0
Uganda,C++,13.0
Uganda,Dart,12.0
Uganda,Go,16.0
Uganda,HTML/CSS,33.0
Uganda,Haskell,3.0
Uganda,Java,22.0
Uganda,JavaScript,38.0
Uganda,Julia,4.0
Uganda,Kotlin,11.0
Uganda,Objective-C,1.0
Uganda,PHP,19.0
Uganda,Python,44.0
Uganda,R,13.0
Uganda,Ruby,11.0
Uganda,Rust,4.0
Uganda,SQL,20.0
Uganda,Scala,7.0
Uganda,Swift,8.0
Uganda,TypeScript,16.0
Uganda,VBA,1.0
Ukraine,Assembly,23.0
Ukraine,Bash/Shell/PowerShell,74.0
Ukraine,C,40.0
Ukraine,C#,96.0
Ukraine,C++,64.0
Ukraine,Dart,35.0
Ukraine,Go,93.0
Ukraine,HTML/CSS,135.0
Ukraine,Haskell,37.0
Ukraine,Java,94.0
Ukraine,JavaScript,199.0
Ukraine,Julia,6.0
Ukraine,Kotlin,60.0
Ukraine,Objective-C,8.0
Ukraine,PHP,58.0
Ukraine,Perl,7.0
Ukraine,Python,186.0
Ukraine,R,10.0
Ukraine,Ruby,21.0
Ukraine,Rust,77.0
Ukraine,SQL,160.0
Ukraine,Scala,27.0
Ukraine,Swift,30.0
Ukraine,TypeScript,132.0
Ukraine,VBA,3.0
United Arab Emirates,Assembly,3.0
United Arab Emirates,Bash/Shell/PowerShell,13.0
United Arab Emirates,C,6.0
United Arab Emirates,C#,23.0
United Arab Emirates,C++,10.0
United Arab Emirates,Dart,14.0
United Arab Emirates,Go,22.0
United Arab Emirates,HTML/CSS,31.0
United Arab Emirates,Haskell,2.0
United Arab Emirates,Java,20.0
United Arab Emirates,JavaScript,43.0
United Arab Emirates,Kotlin,12.0
United Arab Emirates,Objective-C,3.0
United Arab Emirates,PHP,11.0
United Arab Emirates,Perl,2.0
United Arab Emirates,Python,55.0
United Arab Emirates,R,13.0
United Arab Emirates,Ruby,7.0
United Arab Emirates,Rust,7.0
United Arab Emirates,SQL,37.0
United Arab Emirates,Scala,5.0
United Arab Emirates,Swift,10.0
United Arab Emirates,TypeScript,24.0
United Arab Emirates,VBA,3.0
United Kingdom,Assembly,137.0
United Kingdom,Bash/Shell/PowerShell,829.0
United Kingdom,C,328.0
United Kingdom,C#,1079.0
United Kingdom,C++,578.0
United Kingdom,Dart,152.0
United Kingdom,Go,774.0
United Kingdom,HTML/CSS,1281.0
United Kingdom,Haskell,203.0
United Kingdom,Java,601.0
United Kingdom,JavaScript,1497.0
United Kingdom,Julia,92.0
United Kingdom,Kotlin,492.0
United Kingdom,Objective-C,66.0
United Kingdom,PHP,369.0
United Kingdom,Perl,71.0
United Kingdom,Python,1465.0
United Kingdom,R,242.0
United Kingdom,Ruby,223.0
United Kingdom,Rust,740.0
United Kingdom,SQL,1152.0
United Kingdom,Scala,200.0
United Kingdom,Swift,286.0
United Kingdom,TypeScript,1057.0
United Kingdom,VBA,59.0
United Republic of Tanzania,Bash/Shell/PowerShell,7.0
United Republic of Tanzania,C,4.0
United Republic of Tanzania,C#,3.0
United Republic of Tanzania,C++,6.0
United Republic of Tanzania,Dart,6.0
United Republic of Tanzania,Go,5.0
United Republic of Tanzania,HTML/CSS,10.0
United Republic of Tanzania,Haskell,1.0
United Republic of Tanzania,Java,9.0
United Republic of Tanzania,JavaScript,12.0
United Republic of Tanzania,Julia,1.0
United Republic of Tanzania,Kotlin,8.0
United Republic of Tanzania,Objective-C,3.0
United Republic of Tanzania,PHP,9.0
United Republic of Tanzania,Python,11.0
United Republic of Tanzania,R,1.0
United Republic of Tanzania,Ruby,3.0
United Republic of Tanzania,Rust,3.0
United Republic of Tanzania,SQL,7.0
United Republic of Tanzania,Swift,4.0
United Republic of Tanzania,TypeScript,5.0
United Republic of Tanzania,VBA,2.0
United States,Assembly,538.0
United States,Bash/Shell/PowerShell,3130.0
United States,C,1325.0
United States,C#,3057.0
United States,C++,1972.0
United States,Dart,537.0
United States,Go,2729.0
United States,HTML/CSS,4259.0
United States,Haskell,729.0
United States,Java,2139.0
United States,JavaScript,5195.0
United States,Julia,418.0
United States,Kotlin,1491.0
United States,Objective-C,305.0
United States,PHP,891.0
United States,Perl,254.0
United States,Python,5459.0
United States,R,928.0
United States,Ruby,985.0
United States,Rust,2858.0
United States,SQL,4282.0
United States,Scala,704.0
United States,Swift,1328.0
United States,TypeScript,3531.0
United States,VBA,204.0
Uruguay,Assembly,2.0
Uruguay,Bash/Shell/PowerShell,19.0
Uruguay,C,4.0
Uruguay,C#,12.0
Uruguay,C++,11.0
Uruguay,Dart,3.0
Uruguay,Go,21.0
Uruguay,HTML/CSS,34.0
Uruguay,Haskell,4.0
Uruguay,Java,26.0
Uruguay,JavaScript,46.0
Uruguay,Julia,2.0
Uruguay,Kotlin,14.0
Uruguay,Objective-C,4.0
Uruguay,PHP,8.0
Uruguay,Perl,3.0
Uruguay,Python,40.0
Uruguay,R,7.0
Uruguay,Ruby,14.0
Uruguay,Rust,14.0
Uruguay,SQL,35.0
Uruguay,Scala,10.0
Uruguay,Swift,11.0
Uruguay,TypeScript,27.0
Uruguay,VBA,1.0
Uzbekistan,Assembly,2.0
Uzbekistan,Bash/Shell/PowerShell,3.0
Uzbekistan,C,4.0
Uzbekistan,C#,7.0
Uzbekistan,C++,6.0
Uzbekistan,Go,4.0
Uzbekistan,HTML/CSS,10.0
Uzbekistan,Haskell,1.0
Uzbekistan,Java,6.0
Uzbekistan,JavaScript,15.0
Uzbekistan,Kotlin,3.0
Uzbekistan,Objective-C,4.0
Uzbekistan,PHP,5.0
Uzbekistan,Perl,1.0
Uzbekistan,Python,14.0
Uzbekistan,R,3.0
Uzbekistan,Ruby,3.0
Uzbekistan,Rust,3.0
Uzbekistan,SQL,13.0
Uzbekistan,Scala,1.0
Uzbekistan,Swift,4.0
Uzbekistan,TypeScript,9.0
"Venezuela, Bolivarian Republic of...",Assembly,3.0
"Venezuela, Bolivarian Republic of...",Bash/Shell/PowerShell,14.0
"Venezuela, Bolivarian Republic of...",C,4.0
"Venezuela, Bolivarian Republic of...",C#,17.0
"Venezuela, Bolivarian Republic of...",C++,14.0
"Venezuela, Bolivarian Republic of...",Dart,14.0
"Venezuela, Bolivarian Republic of...",Go,20.0
"Venezuela, Bolivarian Republic of...",HTML/CSS,31.0
"Venezuela, Bolivarian Republic of...",Haskell,9.0
"Venezuela, Bolivarian Republic of...",Java,14.0
"Venezuela, Bolivarian Republic of...",JavaScript,39.0
"Venezuela, Bolivarian Republic of...",Julia,2.0
"Venezuela, Bolivarian Republic of...",Kotlin,15.0
"Venezuela, Bolivarian Republic of...",Objective-C,6.0
"Venezuela, Bolivarian Republic of...",PHP,18.0
"Venezuela, Bolivarian Republic of...",Perl,3.0
"Venezuela, Bolivarian Republic of...",Python,35.0
"Venezuela, Bolivarian Republic of...",R,4.0
"Venezuela, Bolivarian Republic of...",Ruby,10.0
"Venezuela, Bolivarian Republic of...",Rust,9.0
"Venezuela, Bolivarian Republic of...",SQL,28.0
"Venezuela, Bolivarian Republic of...",Scala,4.0
"Venezuela, Bolivarian Republic of...",Swift,6.0
"Venezuela, Bolivarian Republic of...",TypeScript,31.0
"Venezuela, Bolivarian Republic of...",VBA,2.0
Viet Nam,Assembly,12.0
Viet Nam,Bash/Shell/PowerShell,43.0
Viet Nam,C,33.0
Viet Nam,C#,57.0
Viet Nam,C++,59.0
Viet Nam,Dart,27.0
Viet Nam,Go,66.0
Viet Nam,HTML/CSS,96.0
Viet Nam,Haskell,6.0
Viet Nam,Java,88.0
Viet Nam,JavaScript,139.0
Viet Nam,Julia,3.0
Viet Nam,Kotlin,37.0
Viet Nam,Objective-C,7.0
Viet Nam,PHP,33.0
Viet Nam,Perl,5.0
Viet Nam,Python,120.0
Viet Nam,R,13.0
Viet Nam,Ruby,23.0
Viet Nam,Rust,28.0
Viet Nam,SQL,78.0
Viet Nam,Scala,14.0
Viet Nam,Swift,24.0
Viet Nam,TypeScript,70.0
Viet Nam,VBA,6.0
Yemen,Assembly,1.0
Yemen,Bash/Shell/PowerShell,1.0
Yemen,C,1.0
Yemen,C#,3.0
Yemen,C++,1.0
Yemen,Dart,2.0
Yemen,Go,1.0
Yemen,HTML/CSS,5.0
Yemen,Haskell,1.0
Yemen,Java,2.0
Yemen,JavaScript,4.0
Yemen,Julia,1.0
Yemen,Kotlin,3.0
Yemen,Objective-C,2.0
Yemen,PHP,4.0
Yemen,Perl,1.0
Yemen,Python,4.0
Yemen,R,1.0
Yemen,Ruby,2.0
Yemen,Rust,1.0
Yemen,SQL,5.0
Yemen,Scala,1.0
Yemen,Swift,2.0
Yemen,TypeScript,3.0
Yemen,VBA,1.0
Zambia,Assembly,1.0
Zambia,Bash/Shell/PowerShell,1.0
Zambia,C,1.0
Zambia,C#,3.0
Zambia,C++,3.0
Zambia,Dart,1.0
Zambia,Go,3.0
Zambia,HTML/CSS,6.0
Zambia,Java,7.0
Zambia,JavaScript,8.0
Zambia,Kotlin,8.0
Zambia,Objective-C,2.0
Zambia,PHP,5.0
Zambia,Python,9.0
Zambia,R,2.0
Zambia,Ruby,3.0
Zambia,Rust,1.0
Zambia,SQL,4.0
Zambia,Swift,6.0
Zambia,TypeScript,1.0
Zimbabwe,Assembly,1.0
Zimbabwe,C,1.0
Zimbabwe,C#,10.0
Zimbabwe,C++,7.0
Zimbabwe,Dart,4.0
Zimbabwe,Go,5.0
Zimbabwe,HTML/CSS,12.0
Zimbabwe,Java,11.0
Zimbabwe,JavaScript,15.0
Zimbabwe,Julia,1.0
Zimbabwe,Kotlin,6.0
Zimbabwe,PHP,8.0
Zimbabwe,Perl,1.0
Zimbabwe,Python,12.0
Zimbabwe,R,2.0
Zimbabwe,Ruby,3.0
Zimbabwe,Rust,1.0
Zimbabwe,SQL,12.0
Zimbabwe,Scala,3.0
Zimbabwe,Swift,4.0
Zimbabwe,TypeScript,6.0
Zimbabwe,VBA,2.0
