Country,LanguageWorkedWith,LanguageWorkedWithCount
Afghanistan,Assembly,8.0
Afghanistan,Bash/Shell/PowerShell,6.0
Afghanistan,C,10.0
Afghanistan,C#,10.0
Afghanistan,C++,10.0
Afghanistan,Clojure,1.0
Afghanistan,Elixir,1.0
Afghanistan,Erlang,1.0
Afghanistan,Go,2.0
Afghanistan,HTML/CSS,22.0
Afghanistan,Java,18.0
Afghanistan,JavaScript,18.0
Afghanistan,Kotlin,2.0
Afghanistan,Objective-C,3.0
Afghanistan,Other(s):,4.0
Afghanistan,PHP,18.0
Afghanistan,Python,7.0
Afghanistan,R,2.0
Afghanistan,Ruby,3.0
Afghanistan,Rust,2.0
Afghanistan,SQL,16.0
Afghanistan,Scala,1.0
Afghanistan,Swift,4.0
Afghanistan,TypeScript,5.0
Afghanistan,VBA,5.0
Afghanistan,WebAssembly,2.0
Albania,Assembly,11.0
Albania,Bash/Shell/PowerShell,13.0
Albania,C,13.0
Albania,C#,34.0
Albania,C++,21.0
Albania,Dart,2.0
Albania,Go,5.0
Albania,HTML/CSS,54.0
Albania,Java,38.0
Albania,JavaScript,57.0
Albania,Kotlin,2.0
Albania,Objective-C,2.0
Albania,Other(s):,6.0
Albania,PHP,39.0
Albania,Python,20.0
Albania,R,1.0
Albania,Ruby,5.0
Albania,SQL,50.0
Albania,Swift,5.0
Albania,TypeScript,14.0
Albania,VBA,1.0
Albania,WebAssembly,1.0
Algeria,Assembly,28.0
Algeria,Bash/Shell/PowerShell,22.0
Algeria,C,45.0
Algeria,C#,32.0
Algeria,C++,25.0
Algeria,Dart,4.0
Algeria,Go,8.0
Algeria,HTML/CSS,85.0
Algeria,Java,59.0
Algeria,JavaScript,77.0
Algeria,Kotlin,7.0
Algeria,Objective-C,1.0
Algeria,Other(s):,10.0
Algeria,PHP,55.0
Algeria,Python,38.0
Algeria,R,7.0
Algeria,Ruby,1.0
Algeria,Rust,2.0
Algeria,SQL,71.0
Algeria,TypeScript,19.0
Algeria,VBA,6.0
Algeria,WebAssembly,2.0
Andorra,Assembly,1.0
Andorra,Bash/Shell/PowerShell,2.0
Andorra,C,2.0
Andorra,C#,1.0
Andorra,C++,1.0
Andorra,Clojure,1.0
Andorra,Erlang,1.0
Andorra,F#,1.0
Andorra,HTML/CSS,1.0
Andorra,JavaScript,2.0
Andorra,Objective-C,1.0
Andorra,Ruby,1.0
Andorra,Swift,2.0
Andorra,WebAssembly,2.0
Angola,C,1.0
Angola,C#,1.0
Angola,Elixir,1.0
Angola,HTML/CSS,2.0
Angola,Java,1.0
Angola,JavaScript,2.0
Angola,Objective-C,1.0
Angola,PHP,1.0
Angola,Python,2.0
Angola,Ruby,1.0
Angola,SQL,1.0
Angola,VBA,1.0
Antigua and Barbuda,Assembly,3.0
Antigua and Barbuda,Bash/Shell/PowerShell,1.0
Antigua and Barbuda,C,1.0
Antigua and Barbuda,C#,4.0
Antigua and Barbuda,C++,4.0
Antigua and Barbuda,Clojure,1.0
Antigua and Barbuda,Dart,1.0
Antigua and Barbuda,Erlang,1.0
Antigua and Barbuda,Go,1.0
Antigua and Barbuda,HTML/CSS,2.0
Antigua and Barbuda,Java,1.0
Antigua and Barbuda,JavaScript,2.0
Antigua and Barbuda,Kotlin,1.0
Antigua and Barbuda,Objective-C,1.0
Antigua and Barbuda,Other(s):,2.0
Antigua and Barbuda,PHP,1.0
Antigua and Barbuda,SQL,2.0
Antigua and Barbuda,WebAssembly,1.0
Argentina,Assembly,29.0
Argentina,Bash/Shell/PowerShell,161.0
Argentina,C,79.0
Argentina,C#,147.0
Argentina,C++,80.0
Argentina,Clojure,3.0
Argentina,Dart,10.0
Argentina,Elixir,6.0
Argentina,Erlang,7.0
Argentina,F#,3.0
Argentina,Go,34.0
Argentina,HTML/CSS,342.0
Argentina,Java,200.0
Argentina,JavaScript,397.0
Argentina,Kotlin,19.0
Argentina,Objective-C,18.0
Argentina,Other(s):,50.0
Argentina,PHP,168.0
Argentina,Python,186.0
Argentina,R,21.0
Argentina,Ruby,53.0
Argentina,Rust,10.0
Argentina,SQL,318.0
Argentina,Scala,28.0
Argentina,Swift,20.0
Argentina,TypeScript,102.0
Argentina,VBA,27.0
Argentina,WebAssembly,1.0
Armenia,Assembly,2.0
Armenia,Bash/Shell/PowerShell,20.0
Armenia,C,13.0
Armenia,C#,16.0
Armenia,C++,22.0
Armenia,Dart,2.0
Armenia,Go,3.0
Armenia,HTML/CSS,38.0
Armenia,Java,34.0
Armenia,JavaScript,53.0
Armenia,Kotlin,6.0
Armenia,Objective-C,7.0
Armenia,Other(s):,5.0
Armenia,PHP,21.0
Armenia,Python,25.0
Armenia,R,4.0
Armenia,Ruby,3.0
Armenia,Rust,1.0
Armenia,SQL,42.0
Armenia,Scala,2.0
Armenia,Swift,8.0
Armenia,TypeScript,15.0
Armenia,VBA,2.0
Australia,Assembly,82.0
Australia,Bash/Shell/PowerShell,803.0
Australia,C,306.0
Australia,C#,674.0
Australia,C++,335.0
Australia,Clojure,30.0
Australia,Dart,31.0
Australia,Elixir,26.0
Australia,Erlang,15.0
Australia,F#,28.0
Australia,Go,181.0
Australia,HTML/CSS,1172.0
Australia,Java,526.0
Australia,JavaScript,1300.0
Australia,Kotlin,92.0
Australia,Objective-C,91.0
Australia,Other(s):,200.0
Australia,PHP,396.0
Australia,Python,752.0
Australia,R,109.0
Australia,Ruby,188.0
Australia,Rust,82.0
Australia,SQL,1006.0
Australia,Scala,71.0
Australia,Swift,133.0
Australia,TypeScript,482.0
Australia,VBA,113.0
Australia,WebAssembly,28.0
Austria,Assembly,73.0
Austria,Bash/Shell/PowerShell,339.0
Austria,C,207.0
Austria,C#,283.0
Austria,C++,222.0
Austria,Clojure,3.0
Austria,Dart,15.0
Austria,Elixir,7.0
Austria,Erlang,8.0
Austria,F#,17.0
Austria,Go,65.0
Austria,HTML/CSS,519.0
Austria,Java,413.0
Austria,JavaScript,534.0
Austria,Kotlin,75.0
Austria,Objective-C,30.0
Austria,Other(s):,88.0
Austria,PHP,229.0
Austria,Python,326.0
Austria,R,57.0
Austria,Ruby,53.0
Austria,Rust,41.0
Austria,SQL,462.0
Austria,Scala,40.0
Austria,Swift,47.0
Austria,TypeScript,216.0
Austria,VBA,47.0
Austria,WebAssembly,11.0
Azerbaijan,Bash/Shell/PowerShell,8.0
Azerbaijan,C,6.0
Azerbaijan,C#,13.0
Azerbaijan,C++,7.0
Azerbaijan,Dart,1.0
Azerbaijan,HTML/CSS,28.0
Azerbaijan,Java,19.0
Azerbaijan,JavaScript,28.0
Azerbaijan,Kotlin,1.0
Azerbaijan,Objective-C,1.0
Azerbaijan,PHP,16.0
Azerbaijan,Python,15.0
Azerbaijan,R,2.0
Azerbaijan,Rust,1.0
Azerbaijan,SQL,24.0
Azerbaijan,Scala,1.0
Azerbaijan,Swift,3.0
Azerbaijan,TypeScript,6.0
Bahamas,HTML/CSS,1.0
Bahamas,Java,1.0
Bahamas,JavaScript,1.0
Bahamas,PHP,2.0
Bahamas,Python,2.0
Bahamas,R,1.0
Bahamas,Ruby,1.0
Bahamas,SQL,1.0
Bahamas,Swift,2.0
Bahrain,Bash/Shell/PowerShell,3.0
Bahrain,C,3.0
Bahrain,C#,6.0
Bahrain,C++,4.0
Bahrain,Go,1.0
Bahrain,HTML/CSS,13.0
Bahrain,Java,8.0
Bahrain,JavaScript,11.0
Bahrain,Kotlin,1.0
Bahrain,Objective-C,2.0
Bahrain,Other(s):,1.0
Bahrain,PHP,8.0
Bahrain,Python,4.0
Bahrain,R,1.0
Bahrain,Ruby,1.0
Bahrain,SQL,13.0
Bahrain,Swift,3.0
Bahrain,TypeScript,2.0
Bahrain,VBA,4.0
Bangladesh,Assembly,76.0
Bangladesh,Bash/Shell/PowerShell,107.0
Bangladesh,C,192.0
Bangladesh,C#,150.0
Bangladesh,C++,161.0
Bangladesh,Clojure,10.0
Bangladesh,Dart,20.0
Bangladesh,Elixir,6.0
Bangladesh,Erlang,7.0
Bangladesh,F#,6.0
Bangladesh,Go,19.0
Bangladesh,HTML/CSS,409.0
Bangladesh,Java,255.0
Bangladesh,JavaScript,391.0
Bangladesh,Kotlin,31.0
Bangladesh,Objective-C,27.0
Bangladesh,Other(s):,25.0
Bangladesh,PHP,288.0
Bangladesh,Python,197.0
Bangladesh,R,21.0
Bangladesh,Ruby,30.0
Bangladesh,Rust,4.0
Bangladesh,SQL,318.0
Bangladesh,Scala,12.0
Bangladesh,Swift,38.0
Bangladesh,TypeScript,86.0
Bangladesh,VBA,13.0
Bangladesh,WebAssembly,8.0
Barbados,Bash/Shell/PowerShell,1.0
Barbados,C,1.0
Barbados,C#,1.0
Barbados,C++,1.0
Barbados,Go,1.0
Barbados,HTML/CSS,1.0
Barbados,JavaScript,1.0
Barbados,PHP,1.0
Barbados,Python,1.0
Barbados,Rust,1.0
Barbados,SQL,1.0
Barbados,TypeScript,1.0
Belarus,Assembly,15.0
Belarus,Bash/Shell/PowerShell,65.0
Belarus,C,33.0
Belarus,C#,70.0
Belarus,C++,46.0
Belarus,Clojure,4.0
Belarus,Dart,3.0
Belarus,Elixir,1.0
Belarus,Erlang,1.0
Belarus,F#,3.0
Belarus,Go,17.0
Belarus,HTML/CSS,105.0
Belarus,Java,71.0
Belarus,JavaScript,113.0
Belarus,Kotlin,23.0
Belarus,Objective-C,10.0
Belarus,Other(s):,16.0
Belarus,PHP,29.0
Belarus,Python,68.0
Belarus,R,4.0
Belarus,Ruby,19.0
Belarus,Rust,9.0
Belarus,SQL,100.0
Belarus,Scala,8.0
Belarus,Swift,13.0
Belarus,TypeScript,44.0
Belarus,VBA,10.0
Belarus,WebAssembly,2.0
Belgium,Assembly,46.0
Belgium,Bash/Shell/PowerShell,287.0
Belgium,C,121.0
Belgium,C#,235.0
Belgium,C++,127.0
Belgium,Clojure,10.0
Belgium,Dart,15.0
Belgium,Elixir,4.0
Belgium,Erlang,3.0
Belgium,F#,7.0
Belgium,Go,39.0
Belgium,HTML/CSS,471.0
Belgium,Java,295.0
Belgium,JavaScript,483.0
Belgium,Kotlin,40.0
Belgium,Objective-C,24.0
Belgium,Other(s):,74.0
Belgium,PHP,192.0
Belgium,Python,285.0
Belgium,R,52.0
Belgium,Ruby,33.0
Belgium,Rust,22.0
Belgium,SQL,409.0
Belgium,Scala,27.0
Belgium,Swift,28.0
Belgium,TypeScript,184.0
Belgium,VBA,60.0
Belgium,WebAssembly,9.0
Belize,C,1.0
Belize,C++,2.0
Belize,HTML/CSS,2.0
Belize,Java,2.0
Belize,JavaScript,2.0
Belize,PHP,2.0
Belize,Python,1.0
Belize,Ruby,1.0
Belize,SQL,1.0
Belize,Swift,1.0
Benin,C,1.0
Benin,C#,1.0
Benin,C++,1.0
Benin,HTML/CSS,4.0
Benin,Java,2.0
Benin,JavaScript,5.0
Benin,PHP,2.0
Benin,Python,3.0
Benin,SQL,2.0
Benin,Swift,1.0
Benin,TypeScript,2.0
Bhutan,C,1.0
Bhutan,HTML/CSS,2.0
Bhutan,Java,1.0
Bhutan,JavaScript,2.0
Bhutan,PHP,1.0
Bhutan,Python,1.0
Bhutan,Ruby,1.0
Bhutan,SQL,1.0
Bolivia,Bash/Shell/PowerShell,11.0
Bolivia,C#,15.0
Bolivia,C++,3.0
Bolivia,Dart,1.0
Bolivia,Go,2.0
Bolivia,HTML/CSS,25.0
Bolivia,Java,16.0
Bolivia,JavaScript,28.0
Bolivia,Kotlin,2.0
Bolivia,Objective-C,1.0
Bolivia,Other(s):,4.0
Bolivia,PHP,12.0
Bolivia,Python,11.0
Bolivia,R,1.0
Bolivia,Ruby,2.0
Bolivia,Rust,1.0
Bolivia,SQL,25.0
Bolivia,Scala,2.0
Bolivia,Swift,2.0
Bolivia,TypeScript,16.0
Bolivia,VBA,1.0
Bolivia,WebAssembly,1.0
Bosnia and Herzegovina,Assembly,11.0
Bosnia and Herzegovina,Bash/Shell/PowerShell,28.0
Bosnia and Herzegovina,C,21.0
Bosnia and Herzegovina,C#,37.0
Bosnia and Herzegovina,C++,25.0
Bosnia and Herzegovina,Clojure,1.0
Bosnia and Herzegovina,Dart,4.0
Bosnia and Herzegovina,Elixir,4.0
Bosnia and Herzegovina,Erlang,2.0
Bosnia and Herzegovina,F#,2.0
Bosnia and Herzegovina,Go,14.0
Bosnia and Herzegovina,HTML/CSS,79.0
Bosnia and Herzegovina,Java,44.0
Bosnia and Herzegovina,JavaScript,76.0
Bosnia and Herzegovina,Kotlin,6.0
Bosnia and Herzegovina,Objective-C,6.0
Bosnia and Herzegovina,Other(s):,4.0
Bosnia and Herzegovina,PHP,34.0
Bosnia and Herzegovina,Python,27.0
Bosnia and Herzegovina,R,2.0
Bosnia and Herzegovina,Ruby,8.0
Bosnia and Herzegovina,Rust,2.0
Bosnia and Herzegovina,SQL,66.0
Bosnia and Herzegovina,Scala,4.0
Bosnia and Herzegovina,Swift,9.0
Bosnia and Herzegovina,TypeScript,29.0
Bosnia and Herzegovina,VBA,4.0
Bosnia and Herzegovina,WebAssembly,1.0
Botswana,Bash/Shell/PowerShell,1.0
Botswana,C++,1.0
Botswana,HTML/CSS,3.0
Botswana,Java,1.0
Botswana,JavaScript,3.0
Botswana,Kotlin,1.0
Botswana,PHP,1.0
Botswana,Python,1.0
Botswana,SQL,3.0
Botswana,Swift,1.0
Brazil,Assembly,100.0
Brazil,Bash/Shell/PowerShell,545.0
Brazil,C,358.0
Brazil,C#,552.0
Brazil,C++,304.0
Brazil,Clojure,40.0
Brazil,Dart,39.0
Brazil,Elixir,55.0
Brazil,Erlang,20.0
Brazil,F#,17.0
Brazil,Go,121.0
Brazil,HTML/CSS,1260.0
Brazil,Java,818.0
Brazil,JavaScript,1357.0
Brazil,Kotlin,129.0
Brazil,Objective-C,75.0
Brazil,Other(s):,164.0
Brazil,PHP,509.0
Brazil,Python,751.0
Brazil,R,122.0
Brazil,Ruby,207.0
Brazil,Rust,50.0
Brazil,SQL,1071.0
Brazil,Scala,39.0
Brazil,Swift,103.0
Brazil,TypeScript,421.0
Brazil,VBA,103.0
Brazil,WebAssembly,13.0
Brunei Darussalam,C#,1.0
Brunei Darussalam,HTML/CSS,1.0
Brunei Darussalam,JavaScript,1.0
Brunei Darussalam,Other(s):,1.0
Brunei Darussalam,SQL,1.0
Bulgaria,Assembly,20.0
Bulgaria,Bash/Shell/PowerShell,179.0
Bulgaria,C,94.0
Bulgaria,C#,235.0
Bulgaria,C++,145.0
Bulgaria,Clojure,5.0
Bulgaria,Elixir,15.0
Bulgaria,Erlang,8.0
Bulgaria,F#,6.0
Bulgaria,Go,39.0
Bulgaria,HTML/CSS,365.0
Bulgaria,Java,217.0
Bulgaria,JavaScript,410.0
Bulgaria,Kotlin,26.0
Bulgaria,Objective-C,21.0
Bulgaria,Other(s):,40.0
Bulgaria,PHP,152.0
Bulgaria,Python,168.0
Bulgaria,R,24.0
Bulgaria,Ruby,43.0
Bulgaria,Rust,9.0
Bulgaria,SQL,317.0
Bulgaria,Scala,11.0
Bulgaria,Swift,24.0
Bulgaria,TypeScript,157.0
Bulgaria,VBA,21.0
Bulgaria,WebAssembly,4.0
Burkina Faso,C,3.0
Burkina Faso,C++,1.0
Burkina Faso,HTML/CSS,4.0
Burkina Faso,Java,3.0
Burkina Faso,JavaScript,4.0
Burkina Faso,PHP,3.0
Burkina Faso,SQL,4.0
Burundi,C,1.0
Burundi,C#,1.0
Burundi,C++,1.0
Burundi,Dart,1.0
Burundi,HTML/CSS,2.0
Burundi,Java,2.0
Burundi,JavaScript,2.0
Burundi,PHP,2.0
Burundi,Python,1.0
Burundi,SQL,2.0
Cambodia,Assembly,5.0
Cambodia,Bash/Shell/PowerShell,5.0
Cambodia,C,8.0
Cambodia,C#,11.0
Cambodia,C++,10.0
Cambodia,Clojure,1.0
Cambodia,Dart,2.0
Cambodia,Elixir,1.0
Cambodia,Erlang,1.0
Cambodia,F#,1.0
Cambodia,Go,1.0
Cambodia,HTML/CSS,17.0
Cambodia,Java,13.0
Cambodia,JavaScript,19.0
Cambodia,Objective-C,4.0
Cambodia,Other(s):,3.0
Cambodia,PHP,12.0
Cambodia,Python,8.0
Cambodia,R,2.0
Cambodia,Ruby,2.0
Cambodia,SQL,13.0
Cambodia,Swift,2.0
Cambodia,TypeScript,3.0
Cambodia,VBA,3.0
Cambodia,WebAssembly,2.0
Cameroon,Assembly,7.0
Cameroon,Bash/Shell/PowerShell,10.0
Cameroon,C,20.0
Cameroon,C#,7.0
Cameroon,C++,13.0
Cameroon,Dart,2.0
Cameroon,Go,1.0
Cameroon,HTML/CSS,40.0
Cameroon,Java,32.0
Cameroon,JavaScript,39.0
Cameroon,Kotlin,4.0
Cameroon,Other(s):,4.0
Cameroon,PHP,32.0
Cameroon,Python,16.0
Cameroon,R,4.0
Cameroon,Ruby,3.0
Cameroon,SQL,34.0
Cameroon,Scala,2.0
Cameroon,Swift,1.0
Cameroon,TypeScript,11.0
Cameroon,VBA,7.0
Canada,Assembly,211.0
Canada,Bash/Shell/PowerShell,1383.0
Canada,C,645.0
Canada,C#,1025.0
Canada,C++,778.0
Canada,Clojure,52.0
Canada,Dart,61.0
Canada,Elixir,49.0
Canada,Erlang,30.0
Canada,F#,38.0
Canada,Go,345.0
Canada,HTML/CSS,2017.0
Canada,Java,1240.0
Canada,JavaScript,2186.0
Canada,Kotlin,170.0
Canada,Objective-C,146.0
Canada,Other(s):,316.0
Canada,PHP,706.0
Canada,Python,1474.0
Canada,R,167.0
Canada,Ruby,355.0
Canada,Rust,120.0
Canada,SQL,1759.0
Canada,Scala,108.0
Canada,Swift,237.0
Canada,TypeScript,703.0
Canada,VBA,195.0
Canada,WebAssembly,36.0
Cape Verde,C,1.0
Cape Verde,C#,2.0
Cape Verde,Java,1.0
Cape Verde,JavaScript,2.0
Cape Verde,PHP,1.0
Cape Verde,SQL,1.0
Cape Verde,TypeScript,1.0
Chad,C,1.0
Chad,HTML/CSS,1.0
Chad,Java,1.0
Chad,JavaScript,1.0
Chad,PHP,1.0
Chad,SQL,1.0
Chile,Assembly,11.0
Chile,Bash/Shell/PowerShell,72.0
Chile,C,44.0
Chile,C#,55.0
Chile,C++,47.0
Chile,Clojure,1.0
Chile,Dart,3.0
Chile,Elixir,2.0
Chile,Erlang,1.0
Chile,F#,3.0
Chile,Go,9.0
Chile,HTML/CSS,130.0
Chile,Java,84.0
Chile,JavaScript,142.0
Chile,Kotlin,18.0
Chile,Objective-C,8.0
Chile,Other(s):,15.0
Chile,PHP,59.0
Chile,Python,98.0
Chile,R,23.0
Chile,Ruby,35.0
Chile,Rust,5.0
Chile,SQL,128.0
Chile,Scala,7.0
Chile,Swift,20.0
Chile,TypeScript,36.0
Chile,VBA,18.0
China,Assembly,29.0
China,Bash/Shell/PowerShell,174.0
China,C,159.0
China,C#,117.0
China,C++,166.0
China,Clojure,5.0
China,Dart,8.0
China,Elixir,7.0
China,Erlang,2.0
China,F#,2.0
China,Go,89.0
China,HTML/CSS,298.0
China,Java,277.0
China,JavaScript,327.0
China,Kotlin,46.0
China,Objective-C,40.0
China,Other(s):,25.0
China,PHP,104.0
China,Python,274.0
China,R,30.0
China,Ruby,36.0
China,Rust,18.0
China,SQL,238.0
China,Scala,19.0
China,Swift,34.0
China,TypeScript,94.0
China,VBA,19.0
China,WebAssembly,10.0
Colombia,Assembly,8.0
Colombia,Bash/Shell/PowerShell,60.0
Colombia,C,13.0
Colombia,C#,79.0
Colombia,C++,34.0
Colombia,Clojure,2.0
Colombia,Dart,6.0
Colombia,Elixir,6.0
Colombia,Erlang,1.0
Colombia,F#,1.0
Colombia,Go,16.0
Colombia,HTML/CSS,182.0
Colombia,Java,101.0
Colombia,JavaScript,223.0
Colombia,Kotlin,17.0
Colombia,Objective-C,13.0
Colombia,Other(s):,7.0
Colombia,PHP,78.0
Colombia,Python,100.0
Colombia,R,6.0
Colombia,Ruby,23.0
Colombia,SQL,165.0
Colombia,Scala,7.0
Colombia,Swift,23.0
Colombia,TypeScript,76.0
Colombia,VBA,18.0
Colombia,WebAssembly,5.0
"Congo, Republic of the...",Bash/Shell/PowerShell,1.0
"Congo, Republic of the...",C#,2.0
"Congo, Republic of the...",HTML/CSS,6.0
"Congo, Republic of the...",Java,5.0
"Congo, Republic of the...",JavaScript,6.0
"Congo, Republic of the...",Kotlin,1.0
"Congo, Republic of the...",PHP,4.0
"Congo, Republic of the...",Python,4.0
"Congo, Republic of the...",R,1.0
"Congo, Republic of the...",Ruby,2.0
"Congo, Republic of the...",SQL,5.0
"Congo, Republic of the...",Swift,1.0
"Congo, Republic of the...",TypeScript,3.0
"Congo, Republic of the...",VBA,1.0
Costa Rica,Assembly,5.0
Costa Rica,Bash/Shell/PowerShell,24.0
Costa Rica,C,13.0
Costa Rica,C#,32.0
Costa Rica,C++,15.0
Costa Rica,Clojure,1.0
Costa Rica,Erlang,1.0
Costa Rica,Go,5.0
Costa Rica,HTML/CSS,47.0
Costa Rica,Java,32.0
Costa Rica,JavaScript,52.0
Costa Rica,Kotlin,2.0
Costa Rica,Objective-C,2.0
Costa Rica,Other(s):,6.0
Costa Rica,PHP,19.0
Costa Rica,Python,28.0
Costa Rica,R,5.0
Costa Rica,Ruby,4.0
Costa Rica,Rust,1.0
Costa Rica,SQL,50.0
Costa Rica,Scala,4.0
Costa Rica,Swift,7.0
Costa Rica,TypeScript,15.0
Costa Rica,VBA,10.0
Croatia,Assembly,19.0
Croatia,Bash/Shell/PowerShell,73.0
Croatia,C,56.0
Croatia,C#,91.0
Croatia,C++,64.0
Croatia,Clojure,3.0
Croatia,Dart,2.0
Croatia,Elixir,3.0
Croatia,Erlang,3.0
Croatia,F#,1.0
Croatia,Go,14.0
Croatia,HTML/CSS,159.0
Croatia,Java,90.0
Croatia,JavaScript,157.0
Croatia,Kotlin,12.0
Croatia,Objective-C,13.0
Croatia,Other(s):,16.0
Croatia,PHP,70.0
Croatia,Python,84.0
Croatia,R,8.0
Croatia,Ruby,15.0
Croatia,Rust,9.0
Croatia,SQL,127.0
Croatia,Scala,6.0
Croatia,Swift,16.0
Croatia,TypeScript,54.0
Croatia,VBA,4.0
Croatia,WebAssembly,2.0
Cuba,Assembly,2.0
Cuba,Bash/Shell/PowerShell,7.0
Cuba,C,2.0
Cuba,C#,12.0
Cuba,C++,6.0
Cuba,Dart,1.0
Cuba,F#,2.0
Cuba,Go,3.0
Cuba,HTML/CSS,21.0
Cuba,Java,12.0
Cuba,JavaScript,18.0
Cuba,Kotlin,2.0
Cuba,Objective-C,1.0
Cuba,Other(s):,2.0
Cuba,PHP,9.0
Cuba,Python,16.0
Cuba,R,1.0
Cuba,Ruby,3.0
Cuba,Rust,1.0
Cuba,SQL,14.0
Cuba,TypeScript,9.0
Cyprus,Assembly,7.0
Cyprus,Bash/Shell/PowerShell,23.0
Cyprus,C,13.0
Cyprus,C#,22.0
Cyprus,C++,17.0
Cyprus,Clojure,2.0
Cyprus,Dart,1.0
Cyprus,Elixir,1.0
Cyprus,Erlang,1.0
Cyprus,F#,1.0
Cyprus,Go,1.0
Cyprus,HTML/CSS,37.0
Cyprus,Java,23.0
Cyprus,JavaScript,39.0
Cyprus,Kotlin,3.0
Cyprus,Objective-C,1.0
Cyprus,Other(s):,4.0
Cyprus,PHP,21.0
Cyprus,Python,19.0
Cyprus,R,4.0
Cyprus,Ruby,4.0
Cyprus,SQL,39.0
Cyprus,Scala,3.0
Cyprus,Swift,2.0
Cyprus,TypeScript,15.0
Cyprus,VBA,5.0
Czech Republic,Assembly,44.0
Czech Republic,Bash/Shell/PowerShell,315.0
Czech Republic,C,145.0
Czech Republic,C#,251.0
Czech Republic,C++,180.0
Czech Republic,Clojure,14.0
Czech Republic,Dart,12.0
Czech Republic,Elixir,7.0
Czech Republic,Erlang,7.0
Czech Republic,F#,15.0
Czech Republic,Go,45.0
Czech Republic,HTML/CSS,421.0
Czech Republic,Java,274.0
Czech Republic,JavaScript,444.0
Czech Republic,Kotlin,51.0
Czech Republic,Objective-C,13.0
Czech Republic,Other(s):,89.0
Czech Republic,PHP,198.0
Czech Republic,Python,276.0
Czech Republic,R,32.0
Czech Republic,Ruby,40.0
Czech Republic,Rust,26.0
Czech Republic,SQL,375.0
Czech Republic,Scala,30.0
Czech Republic,Swift,32.0
Czech Republic,TypeScript,146.0
Czech Republic,VBA,28.0
Czech Republic,WebAssembly,7.0
CÃ´te d'Ivoire,Assembly,1.0
CÃ´te d'Ivoire,Bash/Shell/PowerShell,6.0
CÃ´te d'Ivoire,C,11.0
CÃ´te d'Ivoire,C#,13.0
CÃ´te d'Ivoire,C++,12.0
CÃ´te d'Ivoire,Dart,1.0
CÃ´te d'Ivoire,HTML/CSS,29.0
CÃ´te d'Ivoire,Java,21.0
CÃ´te d'Ivoire,JavaScript,28.0
CÃ´te d'Ivoire,Kotlin,2.0
CÃ´te d'Ivoire,Other(s):,1.0
CÃ´te d'Ivoire,PHP,20.0
CÃ´te d'Ivoire,Python,10.0
CÃ´te d'Ivoire,R,4.0
CÃ´te d'Ivoire,SQL,23.0
CÃ´te d'Ivoire,Swift,4.0
CÃ´te d'Ivoire,TypeScript,10.0
CÃ´te d'Ivoire,VBA,5.0
Democratic People's Republic of Korea,Assembly,2.0
Democratic People's Republic of Korea,C,1.0
Democratic People's Republic of Korea,Erlang,1.0
Democratic People's Republic of Korea,HTML/CSS,1.0
Democratic People's Republic of Korea,JavaScript,1.0
Democratic People's Republic of Korea,PHP,1.0
Democratic People's Republic of Korea,Python,1.0
Democratic People's Republic of Korea,R,1.0
Democratic People's Republic of Korea,Ruby,1.0
Democratic People's Republic of Korea,Rust,1.0
Democratic People's Republic of Korea,SQL,1.0
Democratic Republic of the Congo,Bash/Shell/PowerShell,1.0
Democratic Republic of the Congo,C,2.0
Democratic Republic of the Congo,C#,2.0
Democratic Republic of the Congo,C++,1.0
Democratic Republic of the Congo,HTML/CSS,7.0
Democratic Republic of the Congo,Java,2.0
Democratic Republic of the Congo,JavaScript,5.0
Democratic Republic of the Congo,PHP,4.0
Democratic Republic of the Congo,Python,3.0
Democratic Republic of the Congo,SQL,3.0
Democratic Republic of the Congo,Scala,1.0
Democratic Republic of the Congo,TypeScript,1.0
Democratic Republic of the Congo,VBA,2.0
Denmark,Assembly,33.0
Denmark,Bash/Shell/PowerShell,233.0
Denmark,C,85.0
Denmark,C#,271.0
Denmark,C++,98.0
Denmark,Clojure,9.0
Denmark,Dart,9.0
Denmark,Elixir,8.0
Denmark,Erlang,8.0
Denmark,F#,27.0
Denmark,Go,47.0
Denmark,HTML/CSS,332.0
Denmark,Java,153.0
Denmark,JavaScript,367.0
Denmark,Kotlin,33.0
Denmark,Objective-C,25.0
Denmark,Other(s):,76.0
Denmark,PHP,134.0
Denmark,Python,231.0
Denmark,R,39.0
Denmark,Ruby,27.0
Denmark,Rust,31.0
Denmark,SQL,316.0
Denmark,Scala,16.0
Denmark,Swift,37.0
Denmark,TypeScript,126.0
Denmark,VBA,31.0
Denmark,WebAssembly,7.0
Djibouti,HTML/CSS,1.0
Dominica,Bash/Shell/PowerShell,1.0
Dominica,C,1.0
Dominica,C++,1.0
Dominica,Dart,1.0
Dominica,HTML/CSS,1.0
Dominica,Java,1.0
Dominica,JavaScript,1.0
Dominica,Python,1.0
Dominican Republic,Assembly,3.0
Dominican Republic,Bash/Shell/PowerShell,9.0
Dominican Republic,C,8.0
Dominican Republic,C#,47.0
Dominican Republic,C++,8.0
Dominican Republic,Dart,5.0
Dominican Republic,Go,5.0
Dominican Republic,HTML/CSS,63.0
Dominican Republic,Java,42.0
Dominican Republic,JavaScript,64.0
Dominican Republic,Kotlin,5.0
Dominican Republic,Objective-C,2.0
Dominican Republic,Other(s):,11.0
Dominican Republic,PHP,27.0
Dominican Republic,Python,20.0
Dominican Republic,R,5.0
Dominican Republic,Ruby,4.0
Dominican Republic,SQL,64.0
Dominican Republic,Swift,5.0
Dominican Republic,TypeScript,23.0
Dominican Republic,VBA,4.0
Ecuador,Assembly,7.0
Ecuador,Bash/Shell/PowerShell,21.0
Ecuador,C,13.0
Ecuador,C#,27.0
Ecuador,C++,16.0
Ecuador,Clojure,1.0
Ecuador,Go,10.0
Ecuador,HTML/CSS,55.0
Ecuador,Java,36.0
Ecuador,JavaScript,53.0
Ecuador,Kotlin,6.0
Ecuador,Objective-C,2.0
Ecuador,Other(s):,3.0
Ecuador,PHP,28.0
Ecuador,Python,36.0
Ecuador,R,11.0
Ecuador,Ruby,5.0
Ecuador,Rust,1.0
Ecuador,SQL,47.0
Ecuador,Scala,4.0
Ecuador,Swift,5.0
Ecuador,TypeScript,19.0
Ecuador,VBA,8.0
Ecuador,WebAssembly,1.0
Egypt,Assembly,28.0
Egypt,Bash/Shell/PowerShell,66.0
Egypt,C,63.0
Egypt,C#,89.0
Egypt,C++,90.0
Egypt,Clojure,1.0
Egypt,Dart,12.0
Egypt,Elixir,3.0
Egypt,F#,1.0
Egypt,Go,15.0
Egypt,HTML/CSS,205.0
Egypt,Java,116.0
Egypt,JavaScript,201.0
Egypt,Kotlin,26.0
Egypt,Objective-C,14.0
Egypt,Other(s):,8.0
Egypt,PHP,83.0
Egypt,Python,103.0
Egypt,R,11.0
Egypt,Ruby,19.0
Egypt,Rust,5.0
Egypt,SQL,147.0
Egypt,Swift,23.0
Egypt,TypeScript,63.0
Egypt,VBA,10.0
Egypt,WebAssembly,4.0
El Salvador,Bash/Shell/PowerShell,14.0
El Salvador,C,5.0
El Salvador,C#,21.0
El Salvador,C++,5.0
El Salvador,Clojure,2.0
El Salvador,Dart,4.0
El Salvador,Elixir,2.0
El Salvador,Go,3.0
El Salvador,HTML/CSS,48.0
El Salvador,Java,24.0
El Salvador,JavaScript,52.0
El Salvador,Kotlin,3.0
El Salvador,Objective-C,3.0
El Salvador,Other(s):,1.0
El Salvador,PHP,22.0
El Salvador,Python,19.0
El Salvador,Ruby,4.0
El Salvador,Rust,1.0
El Salvador,SQL,36.0
El Salvador,Scala,2.0
El Salvador,Swift,3.0
El Salvador,TypeScript,12.0
El Salvador,VBA,6.0
El Salvador,WebAssembly,2.0
Estonia,Assembly,5.0
Estonia,Bash/Shell/PowerShell,63.0
Estonia,C,14.0
Estonia,C#,35.0
Estonia,C++,27.0
Estonia,Clojure,1.0
Estonia,Elixir,7.0
Estonia,Erlang,1.0
Estonia,F#,1.0
Estonia,Go,12.0
Estonia,HTML/CSS,112.0
Estonia,Java,86.0
Estonia,JavaScript,127.0
Estonia,Kotlin,12.0
Estonia,Objective-C,5.0
Estonia,Other(s):,12.0
Estonia,PHP,52.0
Estonia,Python,78.0
Estonia,R,4.0
Estonia,Ruby,15.0
Estonia,Rust,5.0
Estonia,SQL,100.0
Estonia,Scala,8.0
Estonia,Swift,13.0
Estonia,TypeScript,49.0
Estonia,VBA,3.0
Estonia,WebAssembly,1.0
Ethiopia,Assembly,3.0
Ethiopia,Bash/Shell/PowerShell,8.0
Ethiopia,C,12.0
Ethiopia,C#,15.0
Ethiopia,C++,16.0
Ethiopia,Dart,5.0
Ethiopia,Go,2.0
Ethiopia,HTML/CSS,37.0
Ethiopia,Java,27.0
Ethiopia,JavaScript,34.0
Ethiopia,Kotlin,2.0
Ethiopia,Objective-C,2.0
Ethiopia,Other(s):,2.0
Ethiopia,PHP,19.0
Ethiopia,Python,19.0
Ethiopia,R,2.0
Ethiopia,Ruby,3.0
Ethiopia,Rust,1.0
Ethiopia,SQL,26.0
Ethiopia,Swift,1.0
Ethiopia,TypeScript,8.0
Ethiopia,WebAssembly,1.0
Fiji,C#,3.0
Fiji,HTML/CSS,3.0
Fiji,Java,1.0
Fiji,JavaScript,3.0
Fiji,PHP,1.0
Fiji,Python,1.0
Fiji,R,1.0
Fiji,SQL,4.0
Fiji,TypeScript,1.0
Fiji,VBA,1.0
Finland,Assembly,26.0
Finland,Bash/Shell/PowerShell,220.0
Finland,C,89.0
Finland,C#,134.0
Finland,C++,106.0
Finland,Clojure,35.0
Finland,Dart,5.0
Finland,Elixir,7.0
Finland,Erlang,4.0
Finland,F#,6.0
Finland,Go,53.0
Finland,HTML/CSS,332.0
Finland,Java,196.0
Finland,JavaScript,376.0
Finland,Kotlin,32.0
Finland,Objective-C,14.0
Finland,Other(s):,64.0
Finland,PHP,127.0
Finland,Python,257.0
Finland,R,35.0
Finland,Ruby,34.0
Finland,Rust,34.0
Finland,SQL,271.0
Finland,Scala,29.0
Finland,Swift,20.0
Finland,TypeScript,128.0
Finland,VBA,9.0
Finland,WebAssembly,6.0
France,Assembly,172.0
France,Bash/Shell/PowerShell,954.0
France,C,603.0
France,C#,583.0
France,C++,612.0
France,Clojure,28.0
France,Dart,40.0
France,Elixir,29.0
France,Erlang,21.0
France,F#,24.0
France,Go,192.0
France,HTML/CSS,1467.0
France,Java,975.0
France,JavaScript,1564.0
France,Kotlin,145.0
France,Objective-C,102.0
France,Other(s):,225.0
France,PHP,762.0
France,Python,1017.0
France,R,131.0
France,Ruby,160.0
France,Rust,104.0
France,SQL,1231.0
France,Scala,126.0
France,Swift,140.0
France,TypeScript,516.0
France,VBA,149.0
France,WebAssembly,22.0
Gabon,Assembly,1.0
Gabon,C,1.0
Gabon,C#,2.0
Gabon,Dart,1.0
Gabon,Erlang,1.0
Gabon,HTML/CSS,1.0
Gabon,Java,2.0
Gabon,JavaScript,1.0
Gabon,Kotlin,1.0
Gabon,PHP,1.0
Gabon,R,1.0
Gabon,Rust,1.0
Gabon,SQL,2.0
Gabon,TypeScript,1.0
Gabon,WebAssembly,1.0
Georgia,Assembly,1.0
Georgia,Bash/Shell/PowerShell,11.0
Georgia,C,12.0
Georgia,C#,22.0
Georgia,C++,14.0
Georgia,Dart,2.0
Georgia,Erlang,1.0
Georgia,Go,3.0
Georgia,HTML/CSS,52.0
Georgia,Java,26.0
Georgia,JavaScript,56.0
Georgia,Kotlin,3.0
Georgia,Objective-C,2.0
Georgia,Other(s):,6.0
Georgia,PHP,24.0
Georgia,Python,25.0
Georgia,R,2.0
Georgia,Ruby,2.0
Georgia,Rust,2.0
Georgia,SQL,36.0
Georgia,Scala,1.0
Georgia,Swift,2.0
Georgia,TypeScript,15.0
Georgia,VBA,3.0
Georgia,WebAssembly,1.0
Germany,Assembly,383.0
Germany,Bash/Shell/PowerShell,2339.0
Germany,C,1171.0
Germany,C#,1523.0
Germany,C++,1458.0
Germany,Clojure,78.0
Germany,Dart,120.0
Germany,Elixir,75.0
Germany,Erlang,42.0
Germany,F#,53.0
Germany,Go,521.0
Germany,HTML/CSS,3291.0
Germany,Java,2640.0
Germany,JavaScript,3415.0
Germany,Kotlin,474.0
Germany,Objective-C,238.0
Germany,Other(s):,649.0
Germany,PHP,1519.0
Germany,Python,2353.0
Germany,R,299.0
Germany,Ruby,396.0
Germany,Rust,286.0
Germany,SQL,2773.0
Germany,Scala,265.0
Germany,Swift,347.0
Germany,TypeScript,1252.0
Germany,VBA,337.0
Germany,WebAssembly,65.0
Ghana,Assembly,6.0
Ghana,Bash/Shell/PowerShell,13.0
Ghana,C,6.0
Ghana,C#,18.0
Ghana,C++,17.0
Ghana,Dart,3.0
Ghana,Erlang,1.0
Ghana,F#,1.0
Ghana,Go,5.0
Ghana,HTML/CSS,61.0
Ghana,Java,33.0
Ghana,JavaScript,53.0
Ghana,Kotlin,7.0
Ghana,Objective-C,3.0
Ghana,Other(s):,4.0
Ghana,PHP,36.0
Ghana,Python,32.0
Ghana,R,7.0
Ghana,Ruby,6.0
Ghana,SQL,34.0
Ghana,Scala,2.0
Ghana,Swift,1.0
Ghana,TypeScript,11.0
Ghana,VBA,6.0
Greece,Assembly,49.0
Greece,Bash/Shell/PowerShell,155.0
Greece,C,133.0
Greece,C#,153.0
Greece,C++,122.0
Greece,Clojure,6.0
Greece,Dart,5.0
Greece,Elixir,4.0
Greece,Erlang,2.0
Greece,F#,2.0
Greece,Go,25.0
Greece,HTML/CSS,327.0
Greece,Java,237.0
Greece,JavaScript,324.0
Greece,Kotlin,16.0
Greece,Objective-C,23.0
Greece,Other(s):,42.0
Greece,PHP,151.0
Greece,Python,220.0
Greece,R,34.0
Greece,Ruby,33.0
Greece,Rust,11.0
Greece,SQL,293.0
Greece,Scala,12.0
Greece,Swift,20.0
Greece,TypeScript,81.0
Greece,VBA,27.0
Greece,WebAssembly,2.0
Guatemala,Assembly,5.0
Guatemala,Bash/Shell/PowerShell,17.0
Guatemala,C,8.0
Guatemala,C#,34.0
Guatemala,C++,15.0
Guatemala,Clojure,1.0
Guatemala,Dart,2.0
Guatemala,F#,1.0
Guatemala,Go,8.0
Guatemala,HTML/CSS,43.0
Guatemala,Java,27.0
Guatemala,JavaScript,47.0
Guatemala,Kotlin,4.0
Guatemala,Objective-C,3.0
Guatemala,Other(s):,2.0
Guatemala,PHP,24.0
Guatemala,Python,24.0
Guatemala,R,4.0
Guatemala,Ruby,4.0
Guatemala,SQL,43.0
Guatemala,Scala,2.0
Guatemala,Swift,6.0
Guatemala,TypeScript,17.0
Guatemala,VBA,7.0
Guinea,Bash/Shell/PowerShell,1.0
Guinea,C,2.0
Guinea,C++,1.0
Guinea,HTML/CSS,3.0
Guinea,Java,2.0
Guinea,JavaScript,3.0
Guinea,Kotlin,1.0
Guinea,PHP,3.0
Guinea,Python,2.0
Guinea,Ruby,1.0
Guinea,SQL,2.0
Guinea,VBA,2.0
Guyana,C,1.0
Guyana,HTML/CSS,3.0
Guyana,Java,1.0
Guyana,JavaScript,2.0
Guyana,PHP,1.0
Guyana,Python,2.0
Guyana,SQL,1.0
Guyana,TypeScript,1.0
Haiti,Bash/Shell/PowerShell,2.0
Haiti,C,2.0
Haiti,C#,1.0
Haiti,C++,1.0
Haiti,Dart,1.0
Haiti,HTML/CSS,4.0
Haiti,Java,3.0
Haiti,JavaScript,3.0
Haiti,Kotlin,1.0
Haiti,Other(s):,1.0
Haiti,PHP,3.0
Haiti,Python,3.0
Haiti,SQL,4.0
Haiti,Swift,2.0
Haiti,TypeScript,1.0
Honduras,Assembly,3.0
Honduras,Bash/Shell/PowerShell,10.0
Honduras,C,7.0
Honduras,C#,10.0
Honduras,C++,8.0
Honduras,Dart,1.0
Honduras,Elixir,2.0
Honduras,Go,4.0
Honduras,HTML/CSS,18.0
Honduras,Java,9.0
Honduras,JavaScript,21.0
Honduras,Kotlin,2.0
Honduras,Objective-C,1.0
Honduras,Other(s):,1.0
Honduras,PHP,8.0
Honduras,Python,12.0
Honduras,R,1.0
Honduras,Ruby,1.0
Honduras,SQL,14.0
Honduras,Scala,1.0
Honduras,Swift,2.0
Honduras,TypeScript,6.0
Honduras,VBA,5.0
Hong Kong (S.A.R.),Assembly,14.0
Hong Kong (S.A.R.),Bash/Shell/PowerShell,69.0
Hong Kong (S.A.R.),C,36.0
Hong Kong (S.A.R.),C#,58.0
Hong Kong (S.A.R.),C++,38.0
Hong Kong (S.A.R.),Dart,3.0
Hong Kong (S.A.R.),Elixir,6.0
Hong Kong (S.A.R.),Erlang,3.0
Hong Kong (S.A.R.),F#,1.0
Hong Kong (S.A.R.),Go,13.0
Hong Kong (S.A.R.),HTML/CSS,109.0
Hong Kong (S.A.R.),Java,72.0
Hong Kong (S.A.R.),JavaScript,118.0
Hong Kong (S.A.R.),Kotlin,15.0
Hong Kong (S.A.R.),Objective-C,13.0
Hong Kong (S.A.R.),Other(s):,16.0
Hong Kong (S.A.R.),PHP,44.0
Hong Kong (S.A.R.),Python,85.0
Hong Kong (S.A.R.),R,16.0
Hong Kong (S.A.R.),Ruby,15.0
Hong Kong (S.A.R.),Rust,4.0
Hong Kong (S.A.R.),SQL,92.0
Hong Kong (S.A.R.),Scala,4.0
Hong Kong (S.A.R.),Swift,24.0
Hong Kong (S.A.R.),TypeScript,39.0
Hong Kong (S.A.R.),VBA,20.0
Hungary,Assembly,33.0
Hungary,Bash/Shell/PowerShell,183.0
Hungary,C,79.0
Hungary,C#,166.0
Hungary,C++,124.0
Hungary,Clojure,3.0
Hungary,Dart,8.0
Hungary,Elixir,3.0
Hungary,Erlang,6.0
Hungary,F#,2.0
Hungary,Go,32.0
Hungary,HTML/CSS,306.0
Hungary,Java,221.0
Hungary,JavaScript,321.0
Hungary,Kotlin,40.0
Hungary,Objective-C,17.0
Hungary,Other(s):,47.0
Hungary,PHP,124.0
Hungary,Python,187.0
Hungary,R,22.0
Hungary,Ruby,31.0
Hungary,Rust,12.0
Hungary,SQL,248.0
Hungary,Scala,24.0
Hungary,Swift,26.0
Hungary,TypeScript,130.0
Hungary,VBA,21.0
Hungary,WebAssembly,7.0
Iceland,Assembly,1.0
Iceland,Bash/Shell/PowerShell,16.0
Iceland,C,7.0
Iceland,C#,15.0
Iceland,C++,10.0
Iceland,Clojure,1.0
Iceland,Dart,1.0
Iceland,Elixir,1.0
Iceland,Erlang,2.0
Iceland,Go,6.0
Iceland,HTML/CSS,30.0
Iceland,Java,12.0
Iceland,JavaScript,33.0
Iceland,Kotlin,2.0
Iceland,Objective-C,1.0
Iceland,Other(s):,3.0
Iceland,PHP,5.0
Iceland,Python,27.0
Iceland,R,1.0
Iceland,Ruby,3.0
Iceland,Rust,1.0
Iceland,SQL,22.0
Iceland,Swift,2.0
Iceland,TypeScript,5.0
Iceland,VBA,3.0
India,Assembly,517.0
India,Bash/Shell/PowerShell,1598.0
India,C,2725.0
India,C#,1610.0
India,C++,2455.0
India,Clojure,40.0
India,Dart,165.0
India,Elixir,33.0
India,Erlang,31.0
India,F#,25.0
India,Go,322.0
India,HTML/CSS,5252.0
India,Java,4192.0
India,JavaScript,5397.0
India,Kotlin,529.0
India,Objective-C,511.0
India,Other(s):,516.0
India,PHP,2431.0
India,Python,2940.0
India,R,383.0
India,Ruby,364.0
India,Rust,71.0
India,SQL,4217.0
India,Scala,217.0
India,Swift,540.0
India,TypeScript,1432.0
India,VBA,223.0
India,WebAssembly,66.0
Indonesia,Assembly,34.0
Indonesia,Bash/Shell/PowerShell,101.0
Indonesia,C,84.0
Indonesia,C#,120.0
Indonesia,C++,117.0
Indonesia,Clojure,7.0
Indonesia,Dart,26.0
Indonesia,Elixir,8.0
Indonesia,Erlang,4.0
Indonesia,F#,4.0
Indonesia,Go,53.0
Indonesia,HTML/CSS,318.0
Indonesia,Java,242.0
Indonesia,JavaScript,332.0
Indonesia,Kotlin,61.0
Indonesia,Objective-C,26.0
Indonesia,Other(s):,22.0
Indonesia,PHP,275.0
Indonesia,Python,145.0
Indonesia,R,16.0
Indonesia,Ruby,28.0
Indonesia,Rust,9.0
Indonesia,SQL,278.0
Indonesia,Scala,11.0
Indonesia,Swift,31.0
Indonesia,TypeScript,62.0
Indonesia,VBA,36.0
Indonesia,WebAssembly,7.0
Iran,Assembly,65.0
Iran,Bash/Shell/PowerShell,152.0
Iran,C,130.0
Iran,C#,281.0
Iran,C++,217.0
Iran,Clojure,6.0
Iran,Dart,11.0
Iran,Elixir,6.0
Iran,Erlang,5.0
Iran,F#,5.0
Iran,Go,37.0
Iran,HTML/CSS,421.0
Iran,Java,281.0
Iran,JavaScript,442.0
Iran,Kotlin,65.0
Iran,Objective-C,20.0
Iran,Other(s):,44.0
Iran,PHP,238.0
Iran,Python,258.0
Iran,R,23.0
Iran,Ruby,19.0
Iran,Rust,6.0
Iran,SQL,369.0
Iran,Scala,12.0
Iran,Swift,39.0
Iran,TypeScript,131.0
Iran,VBA,20.0
Iran,WebAssembly,6.0
Iraq,Assembly,2.0
Iraq,Bash/Shell/PowerShell,5.0
Iraq,C,4.0
Iraq,C#,13.0
Iraq,C++,7.0
Iraq,Dart,4.0
Iraq,Go,2.0
Iraq,HTML/CSS,21.0
Iraq,Java,18.0
Iraq,JavaScript,17.0
Iraq,Kotlin,5.0
Iraq,Objective-C,2.0
Iraq,Other(s):,1.0
Iraq,PHP,17.0
Iraq,Python,15.0
Iraq,SQL,18.0
Iraq,Swift,6.0
Iraq,TypeScript,4.0
Iraq,VBA,1.0
Iraq,WebAssembly,1.0
Ireland,Assembly,21.0
Ireland,Bash/Shell/PowerShell,205.0
Ireland,C,65.0
Ireland,C#,136.0
Ireland,C++,69.0
Ireland,Clojure,9.0
Ireland,Dart,8.0
Ireland,Elixir,4.0
Ireland,Erlang,2.0
Ireland,F#,7.0
Ireland,Go,46.0
Ireland,HTML/CSS,272.0
Ireland,Java,196.0
Ireland,JavaScript,301.0
Ireland,Kotlin,26.0
Ireland,Objective-C,23.0
Ireland,Other(s):,44.0
Ireland,PHP,95.0
Ireland,Python,195.0
Ireland,R,36.0
Ireland,Ruby,51.0
Ireland,Rust,9.0
Ireland,SQL,257.0
Ireland,Scala,20.0
Ireland,Swift,30.0
Ireland,TypeScript,97.0
Ireland,VBA,29.0
Ireland,WebAssembly,5.0
Israel,Assembly,74.0
Israel,Bash/Shell/PowerShell,319.0
Israel,C,173.0
Israel,C#,255.0
Israel,C++,188.0
Israel,Clojure,8.0
Israel,Dart,14.0
Israel,Elixir,6.0
Israel,Erlang,5.0
Israel,F#,3.0
Israel,Go,60.0
Israel,HTML/CSS,463.0
Israel,Java,362.0
Israel,JavaScript,544.0
Israel,Kotlin,45.0
Israel,Objective-C,44.0
Israel,Other(s):,81.0
Israel,PHP,130.0
Israel,Python,433.0
Israel,R,33.0
Israel,Ruby,54.0
Israel,Rust,16.0
Israel,SQL,394.0
Israel,Scala,52.0
Israel,Swift,53.0
Israel,TypeScript,209.0
Israel,VBA,27.0
Israel,WebAssembly,6.0
Italy,Assembly,170.0
Italy,Bash/Shell/PowerShell,562.0
Italy,C,459.0
Italy,C#,474.0
Italy,C++,445.0
Italy,Clojure,9.0
Italy,Dart,35.0
Italy,Elixir,5.0
Italy,Erlang,11.0
Italy,F#,19.0
Italy,Go,96.0
Italy,HTML/CSS,973.0
Italy,Java,780.0
Italy,JavaScript,1022.0
Italy,Kotlin,91.0
Italy,Objective-C,99.0
Italy,Other(s):,131.0
Italy,PHP,554.0
Italy,Python,596.0
Italy,R,89.0
Italy,Ruby,69.0
Italy,Rust,20.0
Italy,SQL,891.0
Italy,Scala,56.0
Italy,Swift,96.0
Italy,TypeScript,295.0
Italy,VBA,117.0
Italy,WebAssembly,9.0
Jamaica,Assembly,2.0
Jamaica,Bash/Shell/PowerShell,6.0
Jamaica,C,5.0
Jamaica,C#,13.0
Jamaica,C++,4.0
Jamaica,Dart,1.0
Jamaica,Go,1.0
Jamaica,HTML/CSS,22.0
Jamaica,Java,13.0
Jamaica,JavaScript,22.0
Jamaica,Kotlin,1.0
Jamaica,Objective-C,1.0
Jamaica,PHP,14.0
Jamaica,Python,8.0
Jamaica,Ruby,3.0
Jamaica,SQL,15.0
Jamaica,Swift,1.0
Jamaica,TypeScript,2.0
Jamaica,VBA,1.0
Japan,Assembly,29.0
Japan,Bash/Shell/PowerShell,152.0
Japan,C,82.0
Japan,C#,89.0
Japan,C++,92.0
Japan,Clojure,8.0
Japan,Dart,8.0
Japan,Elixir,16.0
Japan,Erlang,8.0
Japan,F#,2.0
Japan,Go,50.0
Japan,HTML/CSS,216.0
Japan,Java,149.0
Japan,JavaScript,247.0
Japan,Kotlin,35.0
Japan,Objective-C,35.0
Japan,Other(s):,36.0
Japan,PHP,101.0
Japan,Python,177.0
Japan,R,25.0
Japan,Ruby,80.0
Japan,Rust,17.0
Japan,SQL,155.0
Japan,Scala,18.0
Japan,Swift,47.0
Japan,TypeScript,71.0
Japan,VBA,32.0
Japan,WebAssembly,5.0
Jordan,Assembly,3.0
Jordan,Bash/Shell/PowerShell,13.0
Jordan,C,7.0
Jordan,C#,25.0
Jordan,C++,12.0
Jordan,Clojure,1.0
Jordan,Dart,3.0
Jordan,Elixir,2.0
Jordan,Erlang,1.0
Jordan,F#,2.0
Jordan,Go,4.0
Jordan,HTML/CSS,40.0
Jordan,Java,33.0
Jordan,JavaScript,42.0
Jordan,Kotlin,6.0
Jordan,Objective-C,4.0
Jordan,Other(s):,4.0
Jordan,PHP,10.0
Jordan,Python,20.0
Jordan,R,2.0
Jordan,Ruby,4.0
Jordan,Rust,2.0
Jordan,SQL,27.0
Jordan,Scala,3.0
Jordan,Swift,9.0
Jordan,TypeScript,16.0
Jordan,VBA,4.0
Jordan,WebAssembly,1.0
Kazakhstan,Bash/Shell/PowerShell,10.0
Kazakhstan,C,2.0
Kazakhstan,C#,16.0
Kazakhstan,C++,8.0
Kazakhstan,Dart,2.0
Kazakhstan,Erlang,1.0
Kazakhstan,Go,4.0
Kazakhstan,HTML/CSS,31.0
Kazakhstan,Java,31.0
Kazakhstan,JavaScript,38.0
Kazakhstan,Kotlin,3.0
Kazakhstan,Objective-C,1.0
Kazakhstan,Other(s):,2.0
Kazakhstan,PHP,10.0
Kazakhstan,Python,13.0
Kazakhstan,Ruby,2.0
Kazakhstan,SQL,31.0
Kazakhstan,Swift,2.0
Kazakhstan,TypeScript,16.0
Kenya,Assembly,15.0
Kenya,Bash/Shell/PowerShell,41.0
Kenya,C,45.0
Kenya,C#,41.0
Kenya,C++,43.0
Kenya,Clojure,2.0
Kenya,Dart,7.0
Kenya,Elixir,7.0
Kenya,Erlang,2.0
Kenya,F#,2.0
Kenya,Go,15.0
Kenya,HTML/CSS,163.0
Kenya,Java,129.0
Kenya,JavaScript,164.0
Kenya,Kotlin,24.0
Kenya,Objective-C,7.0
Kenya,Other(s):,15.0
Kenya,PHP,112.0
Kenya,Python,118.0
Kenya,R,13.0
Kenya,Ruby,17.0
Kenya,Rust,3.0
Kenya,SQL,135.0
Kenya,Scala,3.0
Kenya,Swift,7.0
Kenya,TypeScript,43.0
Kenya,VBA,21.0
Kenya,WebAssembly,1.0
Kuwait,Assembly,2.0
Kuwait,Bash/Shell/PowerShell,3.0
Kuwait,C,3.0
Kuwait,C#,7.0
Kuwait,C++,6.0
Kuwait,Go,1.0
Kuwait,HTML/CSS,13.0
Kuwait,Java,8.0
Kuwait,JavaScript,12.0
Kuwait,Kotlin,4.0
Kuwait,Objective-C,1.0
Kuwait,PHP,4.0
Kuwait,Python,6.0
Kuwait,Rust,1.0
Kuwait,SQL,8.0
Kuwait,Swift,2.0
Kuwait,WebAssembly,2.0
Kyrgyzstan,Bash/Shell/PowerShell,3.0
Kyrgyzstan,C,1.0
Kyrgyzstan,C#,6.0
Kyrgyzstan,C++,1.0
Kyrgyzstan,Elixir,1.0
Kyrgyzstan,Go,3.0
Kyrgyzstan,HTML/CSS,10.0
Kyrgyzstan,Java,7.0
Kyrgyzstan,JavaScript,11.0
Kyrgyzstan,Kotlin,1.0
Kyrgyzstan,Objective-C,1.0
Kyrgyzstan,Other(s):,2.0
Kyrgyzstan,PHP,5.0
Kyrgyzstan,Python,6.0
Kyrgyzstan,Ruby,1.0
Kyrgyzstan,Rust,1.0
Kyrgyzstan,SQL,6.0
Kyrgyzstan,Swift,1.0
Kyrgyzstan,TypeScript,4.0
Lao People's Democratic Republic,Assembly,1.0
Lao People's Democratic Republic,C,1.0
Lao People's Democratic Republic,C#,2.0
Lao People's Democratic Republic,C++,1.0
Lao People's Democratic Republic,Dart,1.0
Lao People's Democratic Republic,Erlang,1.0
Lao People's Democratic Republic,Go,1.0
Lao People's Democratic Republic,HTML/CSS,2.0
Lao People's Democratic Republic,Java,1.0
Lao People's Democratic Republic,JavaScript,2.0
Lao People's Democratic Republic,Kotlin,1.0
Lao People's Democratic Republic,PHP,1.0
Lao People's Democratic Republic,SQL,2.0
Lao People's Democratic Republic,TypeScript,1.0
Latvia,Assembly,7.0
Latvia,Bash/Shell/PowerShell,46.0
Latvia,C,15.0
Latvia,C#,36.0
Latvia,C++,24.0
Latvia,Clojure,2.0
Latvia,Dart,1.0
Latvia,Elixir,3.0
Latvia,Erlang,1.0
Latvia,F#,1.0
Latvia,Go,7.0
Latvia,HTML/CSS,85.0
Latvia,Java,53.0
Latvia,JavaScript,92.0
Latvia,Kotlin,10.0
Latvia,Objective-C,4.0
Latvia,Other(s):,12.0
Latvia,PHP,45.0
Latvia,Python,35.0
Latvia,R,3.0
Latvia,Ruby,11.0
Latvia,Rust,1.0
Latvia,SQL,78.0
Latvia,Scala,4.0
Latvia,Swift,7.0
Latvia,TypeScript,21.0
Latvia,VBA,4.0
Latvia,WebAssembly,2.0
Lebanon,Assembly,13.0
Lebanon,Bash/Shell/PowerShell,27.0
Lebanon,C,20.0
Lebanon,C#,52.0
Lebanon,C++,30.0
Lebanon,Dart,3.0
Lebanon,Elixir,3.0
Lebanon,Go,5.0
Lebanon,HTML/CSS,85.0
Lebanon,Java,61.0
Lebanon,JavaScript,76.0
Lebanon,Kotlin,10.0
Lebanon,Objective-C,11.0
Lebanon,Other(s):,6.0
Lebanon,PHP,43.0
Lebanon,Python,39.0
Lebanon,R,4.0
Lebanon,Ruby,4.0
Lebanon,SQL,76.0
Lebanon,Scala,4.0
Lebanon,Swift,18.0
Lebanon,TypeScript,30.0
Lebanon,VBA,7.0
Lebanon,WebAssembly,2.0
Lesotho,C++,1.0
Lesotho,HTML/CSS,2.0
Lesotho,Java,2.0
Lesotho,JavaScript,2.0
Lesotho,PHP,1.0
Lesotho,Python,1.0
Lesotho,Ruby,1.0
Lesotho,SQL,2.0
Libyan Arab Jamahiriya,Assembly,2.0
Libyan Arab Jamahiriya,C#,3.0
Libyan Arab Jamahiriya,C++,1.0
Libyan Arab Jamahiriya,Dart,1.0
Libyan Arab Jamahiriya,HTML/CSS,6.0
Libyan Arab Jamahiriya,Java,3.0
Libyan Arab Jamahiriya,JavaScript,4.0
Libyan Arab Jamahiriya,Kotlin,1.0
Libyan Arab Jamahiriya,Other(s):,2.0
Libyan Arab Jamahiriya,PHP,4.0
Libyan Arab Jamahiriya,Python,2.0
Libyan Arab Jamahiriya,SQL,4.0
Libyan Arab Jamahiriya,Swift,1.0
Libyan Arab Jamahiriya,TypeScript,1.0
Libyan Arab Jamahiriya,VBA,1.0
Liechtenstein,Bash/Shell/PowerShell,2.0
Liechtenstein,C,1.0
Liechtenstein,C++,1.0
Liechtenstein,HTML/CSS,3.0
Liechtenstein,Java,2.0
Liechtenstein,JavaScript,3.0
Liechtenstein,PHP,3.0
Liechtenstein,Python,1.0
Liechtenstein,SQL,1.0
Lithuania,Assembly,12.0
Lithuania,Bash/Shell/PowerShell,81.0
Lithuania,C,37.0
Lithuania,C#,92.0
Lithuania,C++,44.0
Lithuania,Dart,3.0
Lithuania,Elixir,4.0
Lithuania,Erlang,5.0
Lithuania,Go,19.0
Lithuania,HTML/CSS,148.0
Lithuania,Java,72.0
Lithuania,JavaScript,155.0
Lithuania,Kotlin,13.0
Lithuania,Objective-C,8.0
Lithuania,Other(s):,15.0
Lithuania,PHP,70.0
Lithuania,Python,78.0
Lithuania,R,14.0
Lithuania,Ruby,16.0
Lithuania,Rust,6.0
Lithuania,SQL,139.0
Lithuania,Scala,4.0
Lithuania,Swift,10.0
Lithuania,TypeScript,63.0
Lithuania,VBA,7.0
Lithuania,WebAssembly,5.0
Luxembourg,Assembly,1.0
Luxembourg,Bash/Shell/PowerShell,22.0
Luxembourg,C,6.0
Luxembourg,C#,18.0
Luxembourg,C++,4.0
Luxembourg,Clojure,2.0
Luxembourg,Dart,1.0
Luxembourg,Erlang,1.0
Luxembourg,Go,3.0
Luxembourg,HTML/CSS,29.0
Luxembourg,Java,29.0
Luxembourg,JavaScript,43.0
Luxembourg,Kotlin,1.0
Luxembourg,Other(s):,10.0
Luxembourg,PHP,19.0
Luxembourg,Python,23.0
Luxembourg,R,2.0
Luxembourg,Ruby,3.0
Luxembourg,SQL,32.0
Luxembourg,Scala,1.0
Luxembourg,Swift,1.0
Luxembourg,TypeScript,10.0
Luxembourg,VBA,3.0
Luxembourg,WebAssembly,1.0
Madagascar,Bash/Shell/PowerShell,1.0
Madagascar,C,4.0
Madagascar,C#,3.0
Madagascar,C++,3.0
Madagascar,Elixir,1.0
Madagascar,HTML/CSS,8.0
Madagascar,Java,5.0
Madagascar,JavaScript,6.0
Madagascar,Kotlin,1.0
Madagascar,PHP,8.0
Madagascar,Python,3.0
Madagascar,R,1.0
Madagascar,Ruby,2.0
Madagascar,SQL,7.0
Madagascar,Swift,2.0
Madagascar,TypeScript,1.0
Malawi,Java,1.0
Malawi,JavaScript,1.0
Malawi,PHP,1.0
Malawi,SQL,1.0
Malaysia,Assembly,25.0
Malaysia,Bash/Shell/PowerShell,62.0
Malaysia,C,48.0
Malaysia,C#,92.0
Malaysia,C++,76.0
Malaysia,Clojure,1.0
Malaysia,Dart,10.0
Malaysia,Elixir,3.0
Malaysia,Erlang,1.0
Malaysia,F#,1.0
Malaysia,Go,22.0
Malaysia,HTML/CSS,193.0
Malaysia,Java,132.0
Malaysia,JavaScript,197.0
Malaysia,Kotlin,13.0
Malaysia,Objective-C,16.0
Malaysia,Other(s):,19.0
Malaysia,PHP,113.0
Malaysia,Python,89.0
Malaysia,R,15.0
Malaysia,Ruby,25.0
Malaysia,Rust,4.0
Malaysia,SQL,163.0
Malaysia,Scala,6.0
Malaysia,Swift,20.0
Malaysia,TypeScript,48.0
Malaysia,VBA,26.0
Malaysia,WebAssembly,4.0
Maldives,Assembly,1.0
Maldives,Bash/Shell/PowerShell,4.0
Maldives,C,1.0
Maldives,C#,4.0
Maldives,C++,6.0
Maldives,F#,1.0
Maldives,Go,1.0
Maldives,HTML/CSS,9.0
Maldives,Java,5.0
Maldives,JavaScript,9.0
Maldives,Kotlin,2.0
Maldives,Objective-C,1.0
Maldives,Other(s):,2.0
Maldives,PHP,10.0
Maldives,Python,6.0
Maldives,Ruby,2.0
Maldives,SQL,11.0
Maldives,Scala,1.0
Maldives,Swift,1.0
Maldives,VBA,4.0
Mali,C,1.0
Mali,C#,1.0
Mali,C++,1.0
Mali,HTML/CSS,3.0
Mali,Java,2.0
Mali,JavaScript,3.0
Mali,PHP,2.0
Mali,Python,1.0
Mali,SQL,3.0
Mali,VBA,3.0
Malta,Bash/Shell/PowerShell,15.0
Malta,C,8.0
Malta,C#,26.0
Malta,C++,12.0
Malta,Erlang,1.0
Malta,Go,6.0
Malta,HTML/CSS,38.0
Malta,Java,24.0
Malta,JavaScript,43.0
Malta,Kotlin,5.0
Malta,Objective-C,2.0
Malta,Other(s):,2.0
Malta,PHP,18.0
Malta,Python,16.0
Malta,R,2.0
Malta,SQL,38.0
Malta,Swift,2.0
Malta,TypeScript,20.0
Malta,VBA,1.0
Mauritania,Assembly,1.0
Mauritania,C,3.0
Mauritania,C++,2.0
Mauritania,HTML/CSS,6.0
Mauritania,Java,4.0
Mauritania,JavaScript,7.0
Mauritania,Objective-C,2.0
Mauritania,PHP,7.0
Mauritania,Python,5.0
Mauritania,R,2.0
Mauritania,SQL,6.0
Mauritania,Swift,2.0
Mauritania,TypeScript,2.0
Mauritania,VBA,3.0
Mauritius,Bash/Shell/PowerShell,7.0
Mauritius,C,1.0
Mauritius,C#,12.0
Mauritius,C++,6.0
Mauritius,Go,2.0
Mauritius,HTML/CSS,22.0
Mauritius,Java,15.0
Mauritius,JavaScript,21.0
Mauritius,Kotlin,1.0
Mauritius,Other(s):,2.0
Mauritius,PHP,14.0
Mauritius,Python,8.0
Mauritius,R,2.0
Mauritius,Ruby,1.0
Mauritius,SQL,22.0
Mauritius,TypeScript,10.0
Mauritius,VBA,6.0
Mexico,Assembly,37.0
Mexico,Bash/Shell/PowerShell,153.0
Mexico,C,90.0
Mexico,C#,227.0
Mexico,C++,114.0
Mexico,Clojure,5.0
Mexico,Dart,20.0
Mexico,Elixir,11.0
Mexico,Erlang,7.0
Mexico,F#,2.0
Mexico,Go,46.0
Mexico,HTML/CSS,448.0
Mexico,Java,261.0
Mexico,JavaScript,459.0
Mexico,Kotlin,35.0
Mexico,Objective-C,32.0
Mexico,Other(s):,52.0
Mexico,PHP,226.0
Mexico,Python,236.0
Mexico,R,47.0
Mexico,Ruby,53.0
Mexico,Rust,12.0
Mexico,SQL,389.0
Mexico,Scala,18.0
Mexico,Swift,49.0
Mexico,TypeScript,129.0
Mexico,VBA,66.0
Mexico,WebAssembly,9.0
Monaco,Bash/Shell/PowerShell,1.0
Monaco,C,1.0
Monaco,C++,1.0
Monaco,HTML/CSS,3.0
Monaco,Java,1.0
Monaco,JavaScript,3.0
Monaco,Kotlin,2.0
Monaco,Objective-C,2.0
Monaco,PHP,3.0
Monaco,Python,2.0
Monaco,SQL,2.0
Monaco,Swift,2.0
Mongolia,Assembly,2.0
Mongolia,Bash/Shell/PowerShell,5.0
Mongolia,C,5.0
Mongolia,C#,5.0
Mongolia,C++,5.0
Mongolia,Dart,1.0
Mongolia,Erlang,1.0
Mongolia,Go,2.0
Mongolia,HTML/CSS,8.0
Mongolia,Java,9.0
Mongolia,JavaScript,13.0
Mongolia,Objective-C,1.0
Mongolia,PHP,7.0
Mongolia,Python,7.0
Mongolia,Ruby,1.0
Mongolia,SQL,10.0
Mongolia,Swift,1.0
Mongolia,TypeScript,4.0
Mongolia,WebAssembly,1.0
Montenegro,Assembly,1.0
Montenegro,Bash/Shell/PowerShell,3.0
Montenegro,C,1.0
Montenegro,C#,6.0
Montenegro,C++,2.0
Montenegro,HTML/CSS,8.0
Montenegro,Java,9.0
Montenegro,JavaScript,10.0
Montenegro,Kotlin,2.0
Montenegro,Objective-C,1.0
Montenegro,Other(s):,1.0
Montenegro,PHP,2.0
Montenegro,Python,8.0
Montenegro,Ruby,2.0
Montenegro,SQL,9.0
Montenegro,Scala,2.0
Montenegro,Swift,2.0
Montenegro,TypeScript,6.0
Morocco,Assembly,14.0
Morocco,Bash/Shell/PowerShell,30.0
Morocco,C,54.0
Morocco,C#,46.0
Morocco,C++,32.0
Morocco,Clojure,1.0
Morocco,Dart,5.0
Morocco,Elixir,3.0
Morocco,Erlang,1.0
Morocco,F#,2.0
Morocco,Go,7.0
Morocco,HTML/CSS,120.0
Morocco,Java,77.0
Morocco,JavaScript,120.0
Morocco,Kotlin,11.0
Morocco,Objective-C,3.0
Morocco,Other(s):,11.0
Morocco,PHP,84.0
Morocco,Python,49.0
Morocco,R,4.0
Morocco,Ruby,4.0
Morocco,Rust,1.0
Morocco,SQL,100.0
Morocco,Scala,2.0
Morocco,Swift,7.0
Morocco,TypeScript,40.0
Morocco,VBA,12.0
Morocco,WebAssembly,2.0
Mozambique,C#,4.0
Mozambique,F#,1.0
Mozambique,HTML/CSS,5.0
Mozambique,Java,3.0
Mozambique,JavaScript,4.0
Mozambique,Other(s):,3.0
Mozambique,PHP,3.0
Mozambique,Python,1.0
Mozambique,SQL,5.0
Mozambique,TypeScript,1.0
Mozambique,VBA,2.0
Myanmar,Assembly,5.0
Myanmar,Bash/Shell/PowerShell,7.0
Myanmar,C,2.0
Myanmar,C#,11.0
Myanmar,C++,7.0
Myanmar,Clojure,1.0
Myanmar,Dart,3.0
Myanmar,Elixir,2.0
Myanmar,Erlang,1.0
Myanmar,F#,2.0
Myanmar,Go,3.0
Myanmar,HTML/CSS,26.0
Myanmar,Java,19.0
Myanmar,JavaScript,24.0
Myanmar,Kotlin,4.0
Myanmar,Objective-C,2.0
Myanmar,Other(s):,4.0
Myanmar,PHP,9.0
Myanmar,Python,8.0
Myanmar,R,3.0
Myanmar,Ruby,4.0
Myanmar,Rust,1.0
Myanmar,SQL,29.0
Myanmar,Scala,1.0
Myanmar,Swift,4.0
Myanmar,TypeScript,4.0
Myanmar,VBA,2.0
Myanmar,WebAssembly,4.0
Namibia,Bash/Shell/PowerShell,2.0
Namibia,C#,1.0
Namibia,C++,1.0
Namibia,Go,1.0
Namibia,HTML/CSS,3.0
Namibia,Java,2.0
Namibia,JavaScript,3.0
Namibia,Other(s):,1.0
Namibia,PHP,2.0
Namibia,Python,3.0
Namibia,Ruby,1.0
Namibia,SQL,3.0
Namibia,TypeScript,1.0
Namibia,WebAssembly,1.0
Nepal,Assembly,19.0
Nepal,Bash/Shell/PowerShell,45.0
Nepal,C,84.0
Nepal,C#,42.0
Nepal,C++,72.0
Nepal,Clojure,2.0
Nepal,Dart,9.0
Nepal,Elixir,1.0
Nepal,Erlang,1.0
Nepal,F#,2.0
Nepal,Go,12.0
Nepal,HTML/CSS,152.0
Nepal,Java,79.0
Nepal,JavaScript,145.0
Nepal,Kotlin,9.0
Nepal,Objective-C,9.0
Nepal,Other(s):,9.0
Nepal,PHP,103.0
Nepal,Python,89.0
Nepal,R,8.0
Nepal,Ruby,14.0
Nepal,Rust,2.0
Nepal,SQL,109.0
Nepal,Scala,4.0
Nepal,Swift,7.0
Nepal,TypeScript,28.0
Nepal,VBA,5.0
Nepal,WebAssembly,5.0
Netherlands,Assembly,89.0
Netherlands,Bash/Shell/PowerShell,730.0
Netherlands,C,274.0
Netherlands,C#,618.0
Netherlands,C++,332.0
Netherlands,Clojure,30.0
Netherlands,Dart,31.0
Netherlands,Elixir,30.0
Netherlands,Erlang,17.0
Netherlands,F#,26.0
Netherlands,Go,169.0
Netherlands,HTML/CSS,1145.0
Netherlands,Java,670.0
Netherlands,JavaScript,1215.0
Netherlands,Kotlin,143.0
Netherlands,Objective-C,80.0
Netherlands,Other(s):,205.0
Netherlands,PHP,596.0
Netherlands,Python,738.0
Netherlands,R,142.0
Netherlands,Ruby,130.0
Netherlands,Rust,80.0
Netherlands,SQL,970.0
Netherlands,Scala,87.0
Netherlands,Swift,112.0
Netherlands,TypeScript,431.0
Netherlands,VBA,90.0
Netherlands,WebAssembly,17.0
New Zealand,Assembly,24.0
New Zealand,Bash/Shell/PowerShell,229.0
New Zealand,C,107.0
New Zealand,C#,207.0
New Zealand,C++,104.0
New Zealand,Clojure,7.0
New Zealand,Dart,13.0
New Zealand,Elixir,8.0
New Zealand,Erlang,6.0
New Zealand,F#,5.0
New Zealand,Go,43.0
New Zealand,HTML/CSS,322.0
New Zealand,Java,145.0
New Zealand,JavaScript,363.0
New Zealand,Kotlin,26.0
New Zealand,Objective-C,20.0
New Zealand,Other(s):,59.0
New Zealand,PHP,122.0
New Zealand,Python,230.0
New Zealand,R,34.0
New Zealand,Ruby,44.0
New Zealand,Rust,28.0
New Zealand,SQL,285.0
New Zealand,Scala,8.0
New Zealand,Swift,35.0
New Zealand,TypeScript,130.0
New Zealand,VBA,25.0
New Zealand,WebAssembly,8.0
Nicaragua,Bash/Shell/PowerShell,4.0
Nicaragua,C,8.0
Nicaragua,C#,15.0
Nicaragua,C++,5.0
Nicaragua,Dart,1.0
Nicaragua,Elixir,2.0
Nicaragua,Go,4.0
Nicaragua,HTML/CSS,22.0
Nicaragua,Java,11.0
Nicaragua,JavaScript,20.0
Nicaragua,Kotlin,3.0
Nicaragua,Other(s):,2.0
Nicaragua,PHP,16.0
Nicaragua,Python,10.0
Nicaragua,R,1.0
Nicaragua,Ruby,5.0
Nicaragua,SQL,21.0
Nicaragua,Swift,1.0
Nicaragua,TypeScript,9.0
Nicaragua,VBA,4.0
Niger,Bash/Shell/PowerShell,1.0
Niger,C,1.0
Niger,HTML/CSS,1.0
Niger,JavaScript,1.0
Niger,PHP,1.0
Niger,Python,1.0
Niger,Ruby,1.0
Niger,SQL,1.0
Nigeria,Assembly,30.0
Nigeria,Bash/Shell/PowerShell,64.0
Nigeria,C,55.0
Nigeria,C#,73.0
Nigeria,C++,62.0
Nigeria,Clojure,2.0
Nigeria,Dart,23.0
Nigeria,Elixir,3.0
Nigeria,Erlang,2.0
Nigeria,F#,1.0
Nigeria,Go,16.0
Nigeria,HTML/CSS,364.0
Nigeria,Java,180.0
Nigeria,JavaScript,348.0
Nigeria,Kotlin,26.0
Nigeria,Objective-C,6.0
Nigeria,Other(s):,19.0
Nigeria,PHP,202.0
Nigeria,Python,141.0
Nigeria,R,6.0
Nigeria,Ruby,17.0
Nigeria,Rust,5.0
Nigeria,SQL,200.0
Nigeria,Scala,9.0
Nigeria,Swift,16.0
Nigeria,TypeScript,74.0
Nigeria,VBA,23.0
Nigeria,WebAssembly,2.0
North Korea,Assembly,1.0
North Korea,Go,1.0
North Korea,HTML/CSS,1.0
North Korea,Java,1.0
North Korea,JavaScript,1.0
North Korea,Swift,1.0
North Korea,TypeScript,1.0
Norway,Assembly,23.0
Norway,Bash/Shell/PowerShell,217.0
Norway,C,82.0
Norway,C#,203.0
Norway,C++,107.0
Norway,Clojure,16.0
Norway,Dart,9.0
Norway,Elixir,8.0
Norway,Erlang,5.0
Norway,F#,16.0
Norway,Go,48.0
Norway,HTML/CSS,356.0
Norway,Java,200.0
Norway,JavaScript,398.0
Norway,Kotlin,47.0
Norway,Objective-C,18.0
Norway,Other(s):,62.0
Norway,PHP,100.0
Norway,Python,226.0
Norway,R,31.0
Norway,Ruby,27.0
Norway,Rust,30.0
Norway,SQL,290.0
Norway,Scala,29.0
Norway,Swift,26.0
Norway,TypeScript,148.0
Norway,VBA,24.0
Norway,WebAssembly,6.0
Oman,Bash/Shell/PowerShell,1.0
Oman,C,2.0
Oman,C#,4.0
Oman,C++,3.0
Oman,HTML/CSS,8.0
Oman,Java,4.0
Oman,JavaScript,6.0
Oman,Other(s):,1.0
Oman,PHP,2.0
Oman,Python,6.0
Oman,R,2.0
Oman,Ruby,1.0
Oman,SQL,6.0
Oman,VBA,2.0
Other Country (Not Listed Above),Assembly,18.0
Other Country (Not Listed Above),Bash/Shell/PowerShell,36.0
Other Country (Not Listed Above),C,25.0
Other Country (Not Listed Above),C#,37.0
Other Country (Not Listed Above),C++,29.0
Other Country (Not Listed Above),Clojure,1.0
Other Country (Not Listed Above),Dart,2.0
Other Country (Not Listed Above),Elixir,1.0
Other Country (Not Listed Above),Erlang,1.0
Other Country (Not Listed Above),F#,4.0
Other Country (Not Listed Above),Go,4.0
Other Country (Not Listed Above),HTML/CSS,86.0
Other Country (Not Listed Above),Java,50.0
Other Country (Not Listed Above),JavaScript,87.0
Other Country (Not Listed Above),Kotlin,8.0
Other Country (Not Listed Above),Objective-C,8.0
Other Country (Not Listed Above),Other(s):,17.0
Other Country (Not Listed Above),PHP,44.0
Other Country (Not Listed Above),Python,36.0
Other Country (Not Listed Above),R,6.0
Other Country (Not Listed Above),Ruby,11.0
Other Country (Not Listed Above),Rust,3.0
Other Country (Not Listed Above),SQL,63.0
Other Country (Not Listed Above),Scala,3.0
Other Country (Not Listed Above),Swift,8.0
Other Country (Not Listed Above),TypeScript,27.0
Other Country (Not Listed Above),VBA,10.0
Other Country (Not Listed Above),WebAssembly,2.0
Pakistan,Assembly,106.0
Pakistan,Bash/Shell/PowerShell,128.0
Pakistan,C,243.0
Pakistan,C#,340.0
Pakistan,C++,337.0
Pakistan,Clojure,5.0
Pakistan,Dart,17.0
Pakistan,Elixir,4.0
Pakistan,Erlang,2.0
Pakistan,F#,4.0
Pakistan,Go,18.0
Pakistan,HTML/CSS,621.0
Pakistan,Java,387.0
Pakistan,JavaScript,604.0
Pakistan,Kotlin,51.0
Pakistan,Objective-C,44.0
Pakistan,Other(s):,47.0
Pakistan,PHP,391.0
Pakistan,Python,234.0
Pakistan,R,29.0
Pakistan,Ruby,48.0
Pakistan,Rust,6.0
Pakistan,SQL,479.0
Pakistan,Scala,14.0
Pakistan,Swift,70.0
Pakistan,TypeScript,152.0
Pakistan,VBA,37.0
Pakistan,WebAssembly,8.0
Panama,Assembly,1.0
Panama,Bash/Shell/PowerShell,10.0
Panama,C,3.0
Panama,C#,8.0
Panama,C++,4.0
Panama,Dart,1.0
Panama,F#,1.0
Panama,Go,2.0
Panama,HTML/CSS,26.0
Panama,Java,15.0
Panama,JavaScript,26.0
Panama,Kotlin,3.0
Panama,Objective-C,1.0
Panama,Other(s):,2.0
Panama,PHP,14.0
Panama,Python,10.0
Panama,Ruby,3.0
Panama,SQL,23.0
Panama,Scala,1.0
Panama,Swift,2.0
Panama,TypeScript,9.0
Panama,VBA,4.0
Papua New Guinea,Java,1.0
Papua New Guinea,Kotlin,1.0
Papua New Guinea,Other(s):,1.0
Paraguay,Assembly,1.0
Paraguay,Bash/Shell/PowerShell,13.0
Paraguay,C,10.0
Paraguay,C#,8.0
Paraguay,C++,8.0
Paraguay,Elixir,1.0
Paraguay,Go,2.0
Paraguay,HTML/CSS,29.0
Paraguay,Java,36.0
Paraguay,JavaScript,36.0
Paraguay,Kotlin,7.0
Paraguay,Objective-C,3.0
Paraguay,Other(s):,7.0
Paraguay,PHP,14.0
Paraguay,Python,19.0
Paraguay,R,3.0
Paraguay,Ruby,4.0
Paraguay,Rust,1.0
Paraguay,SQL,30.0
Paraguay,Swift,6.0
Paraguay,TypeScript,8.0
Paraguay,VBA,1.0
Peru,Assembly,5.0
Peru,Bash/Shell/PowerShell,30.0
Peru,C,18.0
Peru,C#,37.0
Peru,C++,28.0
Peru,Dart,5.0
Peru,Elixir,1.0
Peru,Erlang,4.0
Peru,F#,1.0
Peru,Go,6.0
Peru,HTML/CSS,90.0
Peru,Java,59.0
Peru,JavaScript,96.0
Peru,Kotlin,13.0
Peru,Objective-C,3.0
Peru,Other(s):,10.0
Peru,PHP,55.0
Peru,Python,47.0
Peru,R,7.0
Peru,Ruby,14.0
Peru,Rust,4.0
Peru,SQL,83.0
Peru,Scala,1.0
Peru,Swift,8.0
Peru,TypeScript,30.0
Peru,VBA,9.0
Peru,WebAssembly,2.0
Philippines,Assembly,39.0
Philippines,Bash/Shell/PowerShell,75.0
Philippines,C,58.0
Philippines,C#,108.0
Philippines,C++,77.0
Philippines,Clojure,3.0
Philippines,Dart,8.0
Philippines,Elixir,5.0
Philippines,Erlang,5.0
Philippines,F#,3.0
Philippines,Go,11.0
Philippines,HTML/CSS,255.0
Philippines,Java,156.0
Philippines,JavaScript,255.0
Philippines,Kotlin,24.0
Philippines,Objective-C,18.0
Philippines,Other(s):,28.0
Philippines,PHP,177.0
Philippines,Python,109.0
Philippines,R,16.0
Philippines,Ruby,19.0
Philippines,Rust,6.0
Philippines,SQL,217.0
Philippines,Scala,4.0
Philippines,Swift,21.0
Philippines,TypeScript,54.0
Philippines,VBA,38.0
Philippines,WebAssembly,4.0
Poland,Assembly,103.0
Poland,Bash/Shell/PowerShell,707.0
Poland,C,326.0
Poland,C#,516.0
Poland,C++,500.0
Poland,Clojure,20.0
Poland,Dart,29.0
Poland,Elixir,42.0
Poland,Erlang,25.0
Poland,F#,22.0
Poland,Go,114.0
Poland,HTML/CSS,1037.0
Poland,Java,690.0
Poland,JavaScript,1131.0
Poland,Kotlin,155.0
Poland,Objective-C,66.0
Poland,Other(s):,160.0
Poland,PHP,402.0
Poland,Python,740.0
Poland,R,76.0
Poland,Ruby,132.0
Poland,Rust,62.0
Poland,SQL,902.0
Poland,Scala,89.0
Poland,Swift,73.0
Poland,TypeScript,399.0
Poland,VBA,67.0
Poland,WebAssembly,13.0
Portugal,Assembly,34.0
Portugal,Bash/Shell/PowerShell,153.0
Portugal,C,104.0
Portugal,C#,179.0
Portugal,C++,72.0
Portugal,Clojure,7.0
Portugal,Dart,3.0
Portugal,Elixir,10.0
Portugal,Erlang,3.0
Portugal,F#,2.0
Portugal,Go,25.0
Portugal,HTML/CSS,302.0
Portugal,Java,210.0
Portugal,JavaScript,332.0
Portugal,Kotlin,33.0
Portugal,Objective-C,22.0
Portugal,Other(s):,41.0
Portugal,PHP,128.0
Portugal,Python,170.0
Portugal,R,25.0
Portugal,Ruby,36.0
Portugal,Rust,8.0
Portugal,SQL,294.0
Portugal,Scala,17.0
Portugal,Swift,31.0
Portugal,TypeScript,85.0
Portugal,VBA,33.0
Portugal,WebAssembly,1.0
Qatar,Assembly,3.0
Qatar,Bash/Shell/PowerShell,4.0
Qatar,C,3.0
Qatar,C#,5.0
Qatar,C++,3.0
Qatar,Clojure,1.0
Qatar,Dart,2.0
Qatar,Elixir,1.0
Qatar,Erlang,1.0
Qatar,F#,1.0
Qatar,Go,1.0
Qatar,HTML/CSS,11.0
Qatar,Java,7.0
Qatar,JavaScript,8.0
Qatar,Kotlin,2.0
Qatar,Objective-C,1.0
Qatar,Other(s):,1.0
Qatar,PHP,4.0
Qatar,Python,5.0
Qatar,R,3.0
Qatar,Ruby,2.0
Qatar,Rust,1.0
Qatar,SQL,8.0
Qatar,Scala,1.0
Qatar,Swift,3.0
Qatar,TypeScript,3.0
Qatar,VBA,2.0
Qatar,WebAssembly,1.0
Republic of Korea,Assembly,3.0
Republic of Korea,Bash/Shell/PowerShell,8.0
Republic of Korea,C,14.0
Republic of Korea,C#,10.0
Republic of Korea,C++,14.0
Republic of Korea,Dart,1.0
Republic of Korea,Go,3.0
Republic of Korea,HTML/CSS,12.0
Republic of Korea,Java,18.0
Republic of Korea,JavaScript,18.0
Republic of Korea,Kotlin,5.0
Republic of Korea,Objective-C,3.0
Republic of Korea,Other(s):,3.0
Republic of Korea,PHP,6.0
Republic of Korea,Python,20.0
Republic of Korea,R,2.0
Republic of Korea,Ruby,2.0
Republic of Korea,Rust,1.0
Republic of Korea,SQL,9.0
Republic of Korea,Scala,2.0
Republic of Korea,Swift,8.0
Republic of Korea,TypeScript,3.0
Republic of Korea,VBA,2.0
Republic of Moldova,Assembly,4.0
Republic of Moldova,Bash/Shell/PowerShell,16.0
Republic of Moldova,C,6.0
Republic of Moldova,C#,11.0
Republic of Moldova,C++,7.0
Republic of Moldova,Clojure,1.0
Republic of Moldova,Dart,1.0
Republic of Moldova,Go,4.0
Republic of Moldova,HTML/CSS,29.0
Republic of Moldova,Java,11.0
Republic of Moldova,JavaScript,23.0
Republic of Moldova,Kotlin,5.0
Republic of Moldova,Objective-C,1.0
Republic of Moldova,Other(s):,1.0
Republic of Moldova,PHP,13.0
Republic of Moldova,Python,7.0
Republic of Moldova,R,1.0
Republic of Moldova,Ruby,1.0
Republic of Moldova,Rust,1.0
Republic of Moldova,SQL,18.0
Republic of Moldova,Scala,1.0
Republic of Moldova,Swift,3.0
Republic of Moldova,TypeScript,16.0
Republic of Moldova,VBA,2.0
Republic of Moldova,WebAssembly,1.0
Romania,Assembly,65.0
Romania,Bash/Shell/PowerShell,243.0
Romania,C,163.0
Romania,C#,213.0
Romania,C++,217.0
Romania,Clojure,4.0
Romania,Dart,6.0
Romania,Elixir,8.0
Romania,Erlang,2.0
Romania,F#,1.0
Romania,Go,45.0
Romania,HTML/CSS,443.0
Romania,Java,287.0
Romania,JavaScript,479.0
Romania,Kotlin,36.0
Romania,Objective-C,41.0
Romania,Other(s):,42.0
Romania,PHP,189.0
Romania,Python,245.0
Romania,R,18.0
Romania,Ruby,31.0
Romania,Rust,13.0
Romania,SQL,381.0
Romania,Scala,25.0
Romania,Swift,38.0
Romania,TypeScript,154.0
Romania,VBA,34.0
Romania,WebAssembly,4.0
Russian Federation,Assembly,111.0
Russian Federation,Bash/Shell/PowerShell,621.0
Russian Federation,C,307.0
Russian Federation,C#,475.0
Russian Federation,C++,447.0
Russian Federation,Clojure,25.0
Russian Federation,Dart,30.0
Russian Federation,Elixir,16.0
Russian Federation,Erlang,26.0
Russian Federation,F#,21.0
Russian Federation,Go,164.0
Russian Federation,HTML/CSS,749.0
Russian Federation,Java,560.0
Russian Federation,JavaScript,875.0
Russian Federation,Kotlin,168.0
Russian Federation,Objective-C,84.0
Russian Federation,Other(s):,142.0
Russian Federation,PHP,279.0
Russian Federation,Python,690.0
Russian Federation,R,66.0
Russian Federation,Ruby,104.0
Russian Federation,Rust,71.0
Russian Federation,SQL,810.0
Russian Federation,Scala,62.0
Russian Federation,Swift,100.0
Russian Federation,TypeScript,276.0
Russian Federation,VBA,68.0
Russian Federation,WebAssembly,9.0
Rwanda,C,3.0
Rwanda,C++,2.0
Rwanda,HTML/CSS,10.0
Rwanda,Java,10.0
Rwanda,JavaScript,8.0
Rwanda,Kotlin,1.0
Rwanda,PHP,7.0
Rwanda,Python,5.0
Rwanda,R,1.0
Rwanda,SQL,9.0
Rwanda,Scala,1.0
Rwanda,Swift,1.0
Rwanda,VBA,1.0
Saint Kitts and Nevis,Assembly,1.0
Saint Kitts and Nevis,HTML/CSS,1.0
Saint Kitts and Nevis,JavaScript,1.0
Saint Vincent and the Grenadines,HTML/CSS,1.0
Saint Vincent and the Grenadines,JavaScript,1.0
Saint Vincent and the Grenadines,PHP,1.0
San Marino,Bash/Shell/PowerShell,1.0
San Marino,JavaScript,1.0
San Marino,PHP,1.0
San Marino,Python,1.0
San Marino,SQL,1.0
San Marino,TypeScript,1.0
San Marino,VBA,1.0
Sao Tome and Principe,C#,1.0
Sao Tome and Principe,HTML/CSS,1.0
Sao Tome and Principe,Python,1.0
Sao Tome and Principe,SQL,1.0
Saudi Arabia,Assembly,15.0
Saudi Arabia,Bash/Shell/PowerShell,28.0
Saudi Arabia,C,14.0
Saudi Arabia,C#,39.0
Saudi Arabia,C++,14.0
Saudi Arabia,Clojure,2.0
Saudi Arabia,Dart,4.0
Saudi Arabia,Elixir,4.0
Saudi Arabia,Erlang,2.0
Saudi Arabia,F#,2.0
Saudi Arabia,Go,9.0
Saudi Arabia,HTML/CSS,66.0
Saudi Arabia,Java,42.0
Saudi Arabia,JavaScript,54.0
Saudi Arabia,Kotlin,4.0
Saudi Arabia,Objective-C,7.0
Saudi Arabia,Other(s):,8.0
Saudi Arabia,PHP,32.0
Saudi Arabia,Python,32.0
Saudi Arabia,R,7.0
Saudi Arabia,Ruby,7.0
Saudi Arabia,Rust,1.0
Saudi Arabia,SQL,54.0
Saudi Arabia,Scala,3.0
Saudi Arabia,Swift,12.0
Saudi Arabia,TypeScript,15.0
Saudi Arabia,VBA,12.0
Saudi Arabia,WebAssembly,4.0
Senegal,Assembly,2.0
Senegal,Bash/Shell/PowerShell,5.0
Senegal,C,7.0
Senegal,C#,3.0
Senegal,C++,4.0
Senegal,Elixir,2.0
Senegal,Go,2.0
Senegal,HTML/CSS,15.0
Senegal,Java,13.0
Senegal,JavaScript,16.0
Senegal,Kotlin,2.0
Senegal,Objective-C,1.0
Senegal,Other(s):,2.0
Senegal,PHP,13.0
Senegal,Python,8.0
Senegal,R,2.0
Senegal,Ruby,3.0
Senegal,SQL,13.0
Senegal,Swift,1.0
Senegal,TypeScript,6.0
Senegal,VBA,1.0
Serbia,Assembly,32.0
Serbia,Bash/Shell/PowerShell,96.0
Serbia,C,81.0
Serbia,C#,125.0
Serbia,C++,77.0
Serbia,Clojure,10.0
Serbia,Dart,4.0
Serbia,Elixir,4.0
Serbia,Erlang,2.0
Serbia,Go,11.0
Serbia,HTML/CSS,239.0
Serbia,Java,162.0
Serbia,JavaScript,247.0
Serbia,Kotlin,19.0
Serbia,Objective-C,9.0
Serbia,Other(s):,29.0
Serbia,PHP,128.0
Serbia,Python,114.0
Serbia,R,16.0
Serbia,Ruby,12.0
Serbia,Rust,2.0
Serbia,SQL,212.0
Serbia,Scala,10.0
Serbia,Swift,19.0
Serbia,TypeScript,83.0
Serbia,VBA,20.0
Serbia,WebAssembly,1.0
Seychelles,Assembly,1.0
Seychelles,Bash/Shell/PowerShell,1.0
Seychelles,C,1.0
Seychelles,C++,1.0
Seychelles,HTML/CSS,1.0
Seychelles,Java,1.0
Seychelles,JavaScript,1.0
Seychelles,Other(s):,1.0
Seychelles,PHP,1.0
Seychelles,Python,1.0
Seychelles,SQL,1.0
Sierra Leone,Bash/Shell/PowerShell,1.0
Sierra Leone,C,1.0
Sierra Leone,C#,1.0
Sierra Leone,C++,1.0
Sierra Leone,HTML/CSS,1.0
Sierra Leone,Java,1.0
Sierra Leone,PHP,1.0
Sierra Leone,Python,1.0
Sierra Leone,SQL,1.0
Sierra Leone,VBA,1.0
Singapore,Assembly,11.0
Singapore,Bash/Shell/PowerShell,94.0
Singapore,C,49.0
Singapore,C#,81.0
Singapore,C++,68.0
Singapore,Clojure,4.0
Singapore,Dart,6.0
Singapore,Elixir,4.0
Singapore,Erlang,2.0
Singapore,F#,2.0
Singapore,Go,31.0
Singapore,HTML/CSS,173.0
Singapore,Java,124.0
Singapore,JavaScript,196.0
Singapore,Kotlin,19.0
Singapore,Objective-C,14.0
Singapore,Other(s):,16.0
Singapore,PHP,50.0
Singapore,Python,132.0
Singapore,R,17.0
Singapore,Ruby,35.0
Singapore,Rust,4.0
Singapore,SQL,133.0
Singapore,Scala,16.0
Singapore,Swift,25.0
Singapore,TypeScript,50.0
Singapore,VBA,18.0
Singapore,WebAssembly,4.0
Slovakia,Assembly,12.0
Slovakia,Bash/Shell/PowerShell,87.0
Slovakia,C,56.0
Slovakia,C#,66.0
Slovakia,C++,61.0
Slovakia,Clojure,3.0
Slovakia,Dart,7.0
Slovakia,Elixir,4.0
Slovakia,Erlang,1.0
Slovakia,F#,2.0
Slovakia,Go,10.0
Slovakia,HTML/CSS,170.0
Slovakia,Java,114.0
Slovakia,JavaScript,169.0
Slovakia,Kotlin,20.0
Slovakia,Objective-C,8.0
Slovakia,Other(s):,18.0
Slovakia,PHP,79.0
Slovakia,Python,97.0
Slovakia,R,16.0
Slovakia,Ruby,10.0
Slovakia,Rust,4.0
Slovakia,SQL,126.0
Slovakia,Scala,9.0
Slovakia,Swift,16.0
Slovakia,TypeScript,52.0
Slovakia,VBA,8.0
Slovakia,WebAssembly,2.0
Slovenia,Assembly,28.0
Slovenia,Bash/Shell/PowerShell,92.0
Slovenia,C,59.0
Slovenia,C#,99.0
Slovenia,C++,58.0
Slovenia,Clojure,3.0
Slovenia,Dart,7.0
Slovenia,Elixir,4.0
Slovenia,Erlang,3.0
Slovenia,F#,2.0
Slovenia,Go,20.0
Slovenia,HTML/CSS,183.0
Slovenia,Java,125.0
Slovenia,JavaScript,210.0
Slovenia,Kotlin,19.0
Slovenia,Objective-C,20.0
Slovenia,Other(s):,20.0
Slovenia,PHP,101.0
Slovenia,Python,112.0
Slovenia,R,22.0
Slovenia,Ruby,13.0
Slovenia,Rust,4.0
Slovenia,SQL,168.0
Slovenia,Scala,6.0
Slovenia,Swift,25.0
Slovenia,TypeScript,60.0
Slovenia,VBA,9.0
Somalia,C,1.0
Somalia,C#,6.0
Somalia,C++,2.0
Somalia,Dart,1.0
Somalia,Go,1.0
Somalia,HTML/CSS,9.0
Somalia,Java,6.0
Somalia,JavaScript,9.0
Somalia,Kotlin,1.0
Somalia,Other(s):,2.0
Somalia,PHP,8.0
Somalia,Python,3.0
Somalia,SQL,5.0
Somalia,TypeScript,2.0
Somalia,VBA,1.0
South Africa,Assembly,20.0
South Africa,Bash/Shell/PowerShell,178.0
South Africa,C,58.0
South Africa,C#,261.0
South Africa,C++,87.0
South Africa,Clojure,8.0
South Africa,Dart,17.0
South Africa,Elixir,6.0
South Africa,Erlang,3.0
South Africa,F#,10.0
South Africa,Go,28.0
South Africa,HTML/CSS,381.0
South Africa,Java,212.0
South Africa,JavaScript,399.0
South Africa,Kotlin,34.0
South Africa,Objective-C,19.0
South Africa,Other(s):,51.0
South Africa,PHP,138.0
South Africa,Python,182.0
South Africa,R,22.0
South Africa,Ruby,22.0
South Africa,Rust,7.0
South Africa,SQL,341.0
South Africa,Scala,6.0
South Africa,Swift,23.0
South Africa,TypeScript,141.0
South Africa,VBA,35.0
South Africa,WebAssembly,6.0
South Korea,Assembly,14.0
South Korea,Bash/Shell/PowerShell,54.0
South Korea,C,58.0
South Korea,C#,45.0
South Korea,C++,56.0
South Korea,Clojure,5.0
South Korea,Dart,6.0
South Korea,Elixir,4.0
South Korea,Erlang,4.0
South Korea,F#,3.0
South Korea,Go,15.0
South Korea,HTML/CSS,80.0
South Korea,Java,83.0
South Korea,JavaScript,91.0
South Korea,Kotlin,23.0
South Korea,Objective-C,14.0
South Korea,Other(s):,14.0
South Korea,PHP,32.0
South Korea,Python,79.0
South Korea,R,14.0
South Korea,Ruby,15.0
South Korea,Rust,7.0
South Korea,SQL,64.0
South Korea,Scala,9.0
South Korea,Swift,17.0
South Korea,TypeScript,22.0
South Korea,VBA,12.0
South Korea,WebAssembly,6.0
Spain,Assembly,104.0
Spain,Bash/Shell/PowerShell,518.0
Spain,C,283.0
Spain,C#,374.0
Spain,C++,274.0
Spain,Clojure,13.0
Spain,Dart,25.0
Spain,Elixir,23.0
Spain,Erlang,18.0
Spain,F#,5.0
Spain,Go,101.0
Spain,HTML/CSS,932.0
Spain,Java,751.0
Spain,JavaScript,1018.0
Spain,Kotlin,119.0
Spain,Objective-C,85.0
Spain,Other(s):,106.0
Spain,PHP,454.0
Spain,Python,615.0
Spain,R,102.0
Spain,Ruby,132.0
Spain,Rust,27.0
Spain,SQL,858.0
Spain,Scala,66.0
Spain,Swift,98.0
Spain,TypeScript,305.0
Spain,VBA,83.0
Spain,WebAssembly,12.0
Sri Lanka,Assembly,28.0
Sri Lanka,Bash/Shell/PowerShell,91.0
Sri Lanka,C,100.0
Sri Lanka,C#,127.0
Sri Lanka,C++,104.0
Sri Lanka,Clojure,1.0
Sri Lanka,Dart,9.0
Sri Lanka,Elixir,2.0
Sri Lanka,Erlang,1.0
Sri Lanka,F#,1.0
Sri Lanka,Go,15.0
Sri Lanka,HTML/CSS,243.0
Sri Lanka,Java,254.0
Sri Lanka,JavaScript,278.0
Sri Lanka,Kotlin,17.0
Sri Lanka,Objective-C,17.0
Sri Lanka,Other(s):,21.0
Sri Lanka,PHP,176.0
Sri Lanka,Python,133.0
Sri Lanka,R,20.0
Sri Lanka,Ruby,11.0
Sri Lanka,Rust,1.0
Sri Lanka,SQL,242.0
Sri Lanka,Scala,12.0
Sri Lanka,Swift,23.0
Sri Lanka,TypeScript,97.0
Sri Lanka,VBA,15.0
Sri Lanka,WebAssembly,1.0
Sudan,Assembly,5.0
Sudan,Bash/Shell/PowerShell,7.0
Sudan,C,10.0
Sudan,C#,7.0
Sudan,C++,10.0
Sudan,Dart,2.0
Sudan,Erlang,1.0
Sudan,HTML/CSS,25.0
Sudan,Java,20.0
Sudan,JavaScript,25.0
Sudan,Kotlin,4.0
Sudan,Other(s):,1.0
Sudan,PHP,17.0
Sudan,Python,14.0
Sudan,SQL,17.0
Sudan,Scala,1.0
Sudan,Swift,4.0
Sudan,TypeScript,3.0
Sudan,VBA,1.0
Swaziland,Bash/Shell/PowerShell,1.0
Swaziland,C,3.0
Swaziland,C#,2.0
Swaziland,C++,1.0
Swaziland,Dart,1.0
Swaziland,HTML/CSS,6.0
Swaziland,Java,5.0
Swaziland,JavaScript,5.0
Swaziland,PHP,3.0
Swaziland,Python,2.0
Swaziland,Ruby,1.0
Swaziland,SQL,3.0
Swaziland,TypeScript,4.0
Sweden,Assembly,62.0
Sweden,Bash/Shell/PowerShell,515.0
Sweden,C,204.0
Sweden,C#,462.0
Sweden,C++,240.0
Sweden,Clojure,17.0
Sweden,Dart,14.0
Sweden,Elixir,21.0
Sweden,Erlang,21.0
Sweden,F#,25.0
Sweden,Go,116.0
Sweden,HTML/CSS,709.0
Sweden,Java,397.0
Sweden,JavaScript,795.0
Sweden,Kotlin,89.0
Sweden,Objective-C,51.0
Sweden,Other(s):,107.0
Sweden,PHP,219.0
Sweden,Python,476.0
Sweden,R,48.0
Sweden,Ruby,77.0
Sweden,Rust,73.0
Sweden,SQL,577.0
Sweden,Scala,55.0
Sweden,Swift,75.0
Sweden,TypeScript,276.0
Sweden,VBA,34.0
Sweden,WebAssembly,14.0
Switzerland,Assembly,75.0
Switzerland,Bash/Shell/PowerShell,412.0
Switzerland,C,202.0
Switzerland,C#,309.0
Switzerland,C++,231.0
Switzerland,Clojure,11.0
Switzerland,Dart,16.0
Switzerland,Elixir,16.0
Switzerland,Erlang,4.0
Switzerland,F#,18.0
Switzerland,Go,84.0
Switzerland,HTML/CSS,581.0
Switzerland,Java,472.0
Switzerland,JavaScript,598.0
Switzerland,Kotlin,51.0
Switzerland,Objective-C,36.0
Switzerland,Other(s):,118.0
Switzerland,PHP,272.0
Switzerland,Python,436.0
Switzerland,R,66.0
Switzerland,Ruby,62.0
Switzerland,Rust,31.0
Switzerland,SQL,497.0
Switzerland,Scala,54.0
Switzerland,Swift,40.0
Switzerland,TypeScript,240.0
Switzerland,VBA,62.0
Switzerland,WebAssembly,13.0
Syrian Arab Republic,Assembly,2.0
Syrian Arab Republic,Bash/Shell/PowerShell,3.0
Syrian Arab Republic,C,5.0
Syrian Arab Republic,C#,12.0
Syrian Arab Republic,C++,10.0
Syrian Arab Republic,HTML/CSS,17.0
Syrian Arab Republic,Java,12.0
Syrian Arab Republic,JavaScript,12.0
Syrian Arab Republic,Kotlin,2.0
Syrian Arab Republic,Other(s):,1.0
Syrian Arab Republic,PHP,11.0
Syrian Arab Republic,Python,7.0
Syrian Arab Republic,Ruby,2.0
Syrian Arab Republic,SQL,17.0
Syrian Arab Republic,Swift,3.0
Syrian Arab Republic,TypeScript,5.0
Syrian Arab Republic,VBA,1.0
Taiwan,Assembly,9.0
Taiwan,Bash/Shell/PowerShell,62.0
Taiwan,C,46.0
Taiwan,C#,62.0
Taiwan,C++,49.0
Taiwan,Dart,4.0
Taiwan,Elixir,2.0
Taiwan,Erlang,3.0
Taiwan,F#,1.0
Taiwan,Go,20.0
Taiwan,HTML/CSS,104.0
Taiwan,Java,61.0
Taiwan,JavaScript,112.0
Taiwan,Kotlin,10.0
Taiwan,Objective-C,14.0
Taiwan,Other(s):,7.0
Taiwan,PHP,45.0
Taiwan,Python,86.0
Taiwan,R,10.0
Taiwan,Ruby,12.0
Taiwan,Rust,2.0
Taiwan,SQL,80.0
Taiwan,Scala,6.0
Taiwan,Swift,11.0
Taiwan,TypeScript,25.0
Taiwan,VBA,6.0
Taiwan,WebAssembly,4.0
Tajikistan,Bash/Shell/PowerShell,1.0
Tajikistan,C#,3.0
Tajikistan,C++,1.0
Tajikistan,HTML/CSS,3.0
Tajikistan,Java,1.0
Tajikistan,JavaScript,4.0
Tajikistan,PHP,3.0
Tajikistan,SQL,4.0
Tajikistan,TypeScript,1.0
Tajikistan,VBA,1.0
Thailand,Assembly,24.0
Thailand,Bash/Shell/PowerShell,75.0
Thailand,C,42.0
Thailand,C#,59.0
Thailand,C++,42.0
Thailand,Clojure,6.0
Thailand,Dart,10.0
Thailand,Elixir,11.0
Thailand,Erlang,6.0
Thailand,F#,4.0
Thailand,Go,28.0
Thailand,HTML/CSS,136.0
Thailand,Java,72.0
Thailand,JavaScript,144.0
Thailand,Kotlin,15.0
Thailand,Objective-C,17.0
Thailand,Other(s):,20.0
Thailand,PHP,78.0
Thailand,Python,87.0
Thailand,R,13.0
Thailand,Ruby,27.0
Thailand,Rust,8.0
Thailand,SQL,119.0
Thailand,Scala,18.0
Thailand,Swift,15.0
Thailand,TypeScript,53.0
Thailand,VBA,22.0
Thailand,WebAssembly,8.0
The former Yugoslav Republic of Macedonia,Assembly,3.0
The former Yugoslav Republic of Macedonia,Bash/Shell/PowerShell,11.0
The former Yugoslav Republic of Macedonia,C,6.0
The former Yugoslav Republic of Macedonia,C#,26.0
The former Yugoslav Republic of Macedonia,C++,9.0
The former Yugoslav Republic of Macedonia,Go,1.0
The former Yugoslav Republic of Macedonia,HTML/CSS,35.0
The former Yugoslav Republic of Macedonia,Java,17.0
The former Yugoslav Republic of Macedonia,JavaScript,33.0
The former Yugoslav Republic of Macedonia,Kotlin,4.0
The former Yugoslav Republic of Macedonia,Objective-C,3.0
The former Yugoslav Republic of Macedonia,Other(s):,5.0
The former Yugoslav Republic of Macedonia,PHP,16.0
The former Yugoslav Republic of Macedonia,Python,7.0
The former Yugoslav Republic of Macedonia,R,3.0
The former Yugoslav Republic of Macedonia,Ruby,1.0
The former Yugoslav Republic of Macedonia,Rust,1.0
The former Yugoslav Republic of Macedonia,SQL,31.0
The former Yugoslav Republic of Macedonia,Scala,1.0
The former Yugoslav Republic of Macedonia,Swift,4.0
The former Yugoslav Republic of Macedonia,TypeScript,14.0
The former Yugoslav Republic of Macedonia,VBA,3.0
The former Yugoslav Republic of Macedonia,WebAssembly,1.0
Timor-Leste,Bash/Shell/PowerShell,1.0
Timor-Leste,C,1.0
Timor-Leste,HTML/CSS,1.0
Timor-Leste,Java,1.0
Timor-Leste,JavaScript,1.0
Timor-Leste,PHP,1.0
Timor-Leste,Python,1.0
Timor-Leste,TypeScript,1.0
Togo,C,1.0
Togo,C++,2.0
Togo,HTML/CSS,4.0
Togo,Java,3.0
Togo,JavaScript,4.0
Togo,PHP,4.0
Togo,Python,1.0
Togo,SQL,3.0
Togo,TypeScript,1.0
Trinidad and Tobago,Bash/Shell/PowerShell,3.0
Trinidad and Tobago,C#,8.0
Trinidad and Tobago,HTML/CSS,13.0
Trinidad and Tobago,Java,7.0
Trinidad and Tobago,JavaScript,14.0
Trinidad and Tobago,Kotlin,1.0
Trinidad and Tobago,Objective-C,1.0
Trinidad and Tobago,Other(s):,1.0
Trinidad and Tobago,PHP,6.0
Trinidad and Tobago,Python,4.0
Trinidad and Tobago,Ruby,2.0
Trinidad and Tobago,Rust,1.0
Trinidad and Tobago,SQL,10.0
Trinidad and Tobago,Swift,2.0
Trinidad and Tobago,TypeScript,4.0
Trinidad and Tobago,VBA,1.0
Tunisia,Assembly,24.0
Tunisia,Bash/Shell/PowerShell,37.0
Tunisia,C,46.0
Tunisia,C#,38.0
Tunisia,C++,29.0
Tunisia,Dart,5.0
Tunisia,Elixir,1.0
Tunisia,F#,1.0
Tunisia,Go,1.0
Tunisia,HTML/CSS,96.0
Tunisia,Java,59.0
Tunisia,JavaScript,93.0
Tunisia,Kotlin,6.0
Tunisia,Objective-C,3.0
Tunisia,Other(s):,6.0
Tunisia,PHP,54.0
Tunisia,Python,38.0
Tunisia,R,4.0
Tunisia,Ruby,1.0
Tunisia,SQL,60.0
Tunisia,Scala,3.0
Tunisia,Swift,6.0
Tunisia,TypeScript,35.0
Tunisia,VBA,5.0
Tunisia,WebAssembly,2.0
Turkey,Assembly,77.0
Turkey,Bash/Shell/PowerShell,218.0
Turkey,C,235.0
Turkey,C#,394.0
Turkey,C++,238.0
Turkey,Clojure,2.0
Turkey,Dart,21.0
Turkey,Elixir,9.0
Turkey,Erlang,10.0
Turkey,F#,4.0
Turkey,Go,59.0
Turkey,HTML/CSS,509.0
Turkey,Java,416.0
Turkey,JavaScript,556.0
Turkey,Kotlin,61.0
Turkey,Objective-C,51.0
Turkey,Other(s):,57.0
Turkey,PHP,224.0
Turkey,Python,350.0
Turkey,R,29.0
Turkey,Ruby,48.0
Turkey,Rust,21.0
Turkey,SQL,464.0
Turkey,Scala,24.0
Turkey,Swift,80.0
Turkey,TypeScript,138.0
Turkey,VBA,29.0
Turkey,WebAssembly,6.0
Turkmenistan,Bash/Shell/PowerShell,2.0
Turkmenistan,C,4.0
Turkmenistan,C#,1.0
Turkmenistan,C++,5.0
Turkmenistan,HTML/CSS,7.0
Turkmenistan,Java,6.0
Turkmenistan,JavaScript,5.0
Turkmenistan,Kotlin,1.0
Turkmenistan,PHP,4.0
Turkmenistan,Python,6.0
Turkmenistan,SQL,5.0
Turkmenistan,VBA,1.0
Uganda,Bash/Shell/PowerShell,11.0
Uganda,C,16.0
Uganda,C#,15.0
Uganda,C++,11.0
Uganda,Clojure,1.0
Uganda,Dart,1.0
Uganda,Elixir,2.0
Uganda,Go,6.0
Uganda,HTML/CSS,45.0
Uganda,Java,31.0
Uganda,JavaScript,49.0
Uganda,Kotlin,7.0
Uganda,Objective-C,2.0
Uganda,Other(s):,3.0
Uganda,PHP,32.0
Uganda,Python,44.0
Uganda,R,3.0
Uganda,Ruby,6.0
Uganda,SQL,40.0
Uganda,Scala,1.0
Uganda,Swift,3.0
Uganda,TypeScript,8.0
Uganda,VBA,4.0
Uganda,WebAssembly,1.0
Ukraine,Assembly,29.0
Ukraine,Bash/Shell/PowerShell,229.0
Ukraine,C,107.0
Ukraine,C#,221.0
Ukraine,C++,177.0
Ukraine,Clojure,5.0
Ukraine,Dart,8.0
Ukraine,Elixir,7.0
Ukraine,Erlang,5.0
Ukraine,F#,8.0
Ukraine,Go,46.0
Ukraine,HTML/CSS,436.0
Ukraine,Java,281.0
Ukraine,JavaScript,525.0
Ukraine,Kotlin,64.0
Ukraine,Objective-C,46.0
Ukraine,Other(s):,61.0
Ukraine,PHP,179.0
Ukraine,Python,240.0
Ukraine,R,22.0
Ukraine,Ruby,61.0
Ukraine,Rust,24.0
Ukraine,SQL,367.0
Ukraine,Scala,33.0
Ukraine,Swift,63.0
Ukraine,TypeScript,161.0
Ukraine,VBA,19.0
Ukraine,WebAssembly,8.0
United Arab Emirates,Assembly,9.0
United Arab Emirates,Bash/Shell/PowerShell,26.0
United Arab Emirates,C,26.0
United Arab Emirates,C#,36.0
United Arab Emirates,C++,23.0
United Arab Emirates,Clojure,1.0
United Arab Emirates,Dart,3.0
United Arab Emirates,Elixir,1.0
United Arab Emirates,F#,1.0
United Arab Emirates,Go,16.0
United Arab Emirates,HTML/CSS,96.0
United Arab Emirates,Java,55.0
United Arab Emirates,JavaScript,108.0
United Arab Emirates,Kotlin,13.0
United Arab Emirates,Objective-C,15.0
United Arab Emirates,Other(s):,10.0
United Arab Emirates,PHP,43.0
United Arab Emirates,Python,47.0
United Arab Emirates,R,5.0
United Arab Emirates,Ruby,10.0
United Arab Emirates,Rust,4.0
United Arab Emirates,SQL,77.0
United Arab Emirates,Scala,8.0
United Arab Emirates,Swift,20.0
United Arab Emirates,TypeScript,34.0
United Arab Emirates,VBA,3.0
United Kingdom,Assembly,247.0
United Kingdom,Bash/Shell/PowerShell,2316.0
United Kingdom,C,731.0
United Kingdom,C#,2026.0
United Kingdom,C++,960.0
United Kingdom,Clojure,96.0
United Kingdom,Dart,81.0
United Kingdom,Elixir,70.0
United Kingdom,Erlang,40.0
United Kingdom,F#,104.0
United Kingdom,Go,446.0
United Kingdom,HTML/CSS,3489.0
United Kingdom,Java,1665.0
United Kingdom,JavaScript,3713.0
United Kingdom,Kotlin,278.0
United Kingdom,Objective-C,193.0
United Kingdom,Other(s):,557.0
United Kingdom,PHP,1210.0
United Kingdom,Python,2240.0
United Kingdom,R,269.0
United Kingdom,Ruby,483.0
United Kingdom,Rust,212.0
United Kingdom,SQL,2952.0
United Kingdom,Scala,239.0
United Kingdom,Swift,306.0
United Kingdom,TypeScript,1130.0
United Kingdom,VBA,364.0
United Kingdom,WebAssembly,71.0
United Republic of Tanzania,Assembly,4.0
United Republic of Tanzania,Bash/Shell/PowerShell,6.0
United Republic of Tanzania,C,8.0
United Republic of Tanzania,C#,2.0
United Republic of Tanzania,C++,7.0
United Republic of Tanzania,Clojure,1.0
United Republic of Tanzania,Dart,3.0
United Republic of Tanzania,Elixir,1.0
United Republic of Tanzania,F#,1.0
United Republic of Tanzania,Go,3.0
United Republic of Tanzania,HTML/CSS,21.0
United Republic of Tanzania,Java,18.0
United Republic of Tanzania,JavaScript,18.0
United Republic of Tanzania,Kotlin,3.0
United Republic of Tanzania,Objective-C,1.0
United Republic of Tanzania,Other(s):,3.0
United Republic of Tanzania,PHP,13.0
United Republic of Tanzania,Python,14.0
United Republic of Tanzania,R,2.0
United Republic of Tanzania,Ruby,3.0
United Republic of Tanzania,Rust,1.0
United Republic of Tanzania,SQL,17.0
United Republic of Tanzania,Scala,3.0
United Republic of Tanzania,Swift,1.0
United Republic of Tanzania,TypeScript,4.0
United Republic of Tanzania,VBA,1.0
United Republic of Tanzania,WebAssembly,1.0
United States,Assembly,1177.0
United States,Bash/Shell/PowerShell,9253.0
United States,C,3460.0
United States,C#,6417.0
United States,C++,4285.0
United States,Clojure,435.0
United States,Dart,331.0
United States,Elixir,384.0
United States,Erlang,198.0
United States,F#,264.0
United States,Go,2239.0
United States,HTML/CSS,12810.0
United States,Java,7220.0
United States,JavaScript,13943.0
United States,Kotlin,1055.0
United States,Objective-C,979.0
United States,Other(s):,2063.0
United States,PHP,3743.0
United States,Python,9596.0
United States,R,1535.0
United States,Ruby,2494.0
United States,Rust,859.0
United States,SQL,11221.0
United States,Scala,844.0
United States,Swift,1449.0
United States,TypeScript,4372.0
United States,VBA,1145.0
United States,WebAssembly,270.0
Uruguay,Assembly,2.0
Uruguay,Bash/Shell/PowerShell,35.0
Uruguay,C,7.0
Uruguay,C#,41.0
Uruguay,C++,12.0
Uruguay,Clojure,1.0
Uruguay,Dart,3.0
Uruguay,Go,12.0
Uruguay,HTML/CSS,68.0
Uruguay,Java,57.0
Uruguay,JavaScript,77.0
Uruguay,Kotlin,4.0
Uruguay,Objective-C,6.0
Uruguay,Other(s):,11.0
Uruguay,PHP,21.0
Uruguay,Python,35.0
Uruguay,R,2.0
Uruguay,Ruby,13.0
Uruguay,SQL,57.0
Uruguay,Scala,6.0
Uruguay,Swift,8.0
Uruguay,TypeScript,38.0
Uruguay,VBA,3.0
Uzbekistan,Assembly,6.0
Uzbekistan,Bash/Shell/PowerShell,9.0
Uzbekistan,C,10.0
Uzbekistan,C#,9.0
Uzbekistan,C++,18.0
Uzbekistan,Elixir,1.0
Uzbekistan,Go,3.0
Uzbekistan,HTML/CSS,25.0
Uzbekistan,Java,19.0
Uzbekistan,JavaScript,28.0
Uzbekistan,Kotlin,7.0
Uzbekistan,Other(s):,4.0
Uzbekistan,PHP,16.0
Uzbekistan,Python,14.0
Uzbekistan,R,1.0
Uzbekistan,Ruby,4.0
Uzbekistan,SQL,20.0
Uzbekistan,Scala,1.0
Uzbekistan,Swift,3.0
Uzbekistan,TypeScript,5.0
Uzbekistan,VBA,3.0
Uzbekistan,WebAssembly,1.0
"Venezuela, Bolivarian Republic of...",Assembly,6.0
"Venezuela, Bolivarian Republic of...",Bash/Shell/PowerShell,17.0
"Venezuela, Bolivarian Republic of...",C,15.0
"Venezuela, Bolivarian Republic of...",C#,17.0
"Venezuela, Bolivarian Republic of...",C++,20.0
"Venezuela, Bolivarian Republic of...",Dart,2.0
"Venezuela, Bolivarian Republic of...",Elixir,1.0
"Venezuela, Bolivarian Republic of...",F#,1.0
"Venezuela, Bolivarian Republic of...",Go,1.0
"Venezuela, Bolivarian Republic of...",HTML/CSS,63.0
"Venezuela, Bolivarian Republic of...",Java,34.0
"Venezuela, Bolivarian Republic of...",JavaScript,69.0
"Venezuela, Bolivarian Republic of...",Kotlin,3.0
"Venezuela, Bolivarian Republic of...",Other(s):,6.0
"Venezuela, Bolivarian Republic of...",PHP,38.0
"Venezuela, Bolivarian Republic of...",Python,27.0
"Venezuela, Bolivarian Republic of...",R,4.0
"Venezuela, Bolivarian Republic of...",Ruby,7.0
"Venezuela, Bolivarian Republic of...",Rust,2.0
"Venezuela, Bolivarian Republic of...",SQL,48.0
"Venezuela, Bolivarian Republic of...",Swift,4.0
"Venezuela, Bolivarian Republic of...",TypeScript,20.0
"Venezuela, Bolivarian Republic of...",VBA,6.0
"Venezuela, Bolivarian Republic of...",WebAssembly,5.0
Viet Nam,Assembly,20.0
Viet Nam,Bash/Shell/PowerShell,55.0
Viet Nam,C,53.0
Viet Nam,C#,65.0
Viet Nam,C++,68.0
Viet Nam,Clojure,2.0
Viet Nam,Dart,7.0
Viet Nam,Elixir,5.0
Viet Nam,Erlang,5.0
Viet Nam,F#,2.0
Viet Nam,Go,28.0
Viet Nam,HTML/CSS,134.0
Viet Nam,Java,74.0
Viet Nam,JavaScript,140.0
Viet Nam,Kotlin,9.0
Viet Nam,Objective-C,14.0
Viet Nam,Other(s):,12.0
Viet Nam,PHP,51.0
Viet Nam,Python,73.0
Viet Nam,R,9.0
Viet Nam,Ruby,26.0
Viet Nam,Rust,4.0
Viet Nam,SQL,94.0
Viet Nam,Scala,7.0
Viet Nam,Swift,20.0
Viet Nam,TypeScript,47.0
Viet Nam,VBA,12.0
Viet Nam,WebAssembly,4.0
Yemen,Assembly,2.0
Yemen,C,4.0
Yemen,C#,8.0
Yemen,C++,5.0
Yemen,Elixir,1.0
Yemen,HTML/CSS,10.0
Yemen,Java,8.0
Yemen,JavaScript,9.0
Yemen,Kotlin,2.0
Yemen,Objective-C,1.0
Yemen,Other(s):,1.0
Yemen,PHP,6.0
Yemen,Python,2.0
Yemen,Ruby,1.0
Yemen,SQL,12.0
Yemen,Swift,1.0
Yemen,TypeScript,2.0
Zambia,Assembly,1.0
Zambia,C,1.0
Zambia,C#,5.0
Zambia,C++,1.0
Zambia,Dart,1.0
Zambia,HTML/CSS,10.0
Zambia,Java,4.0
Zambia,JavaScript,9.0
Zambia,Kotlin,1.0
Zambia,Other(s):,1.0
Zambia,PHP,7.0
Zambia,Python,4.0
Zambia,R,1.0
Zambia,SQL,9.0
Zimbabwe,Assembly,5.0
Zimbabwe,Bash/Shell/PowerShell,2.0
Zimbabwe,C,6.0
Zimbabwe,C#,10.0
Zimbabwe,C++,7.0
Zimbabwe,Dart,2.0
Zimbabwe,Elixir,1.0
Zimbabwe,Erlang,1.0
Zimbabwe,HTML/CSS,27.0
Zimbabwe,Java,21.0
Zimbabwe,JavaScript,21.0
Zimbabwe,Kotlin,3.0
Zimbabwe,PHP,15.0
Zimbabwe,Python,13.0
Zimbabwe,R,3.0
Zimbabwe,SQL,20.0
Zimbabwe,Scala,1.0
Zimbabwe,Swift,3.0
Zimbabwe,TypeScript,4.0
Zimbabwe,VBA,8.0
